,Unnamed: 0,sex,age,juv_fel_count,juv_misd_count,juv_other_count,priors_count,c_charge_degree,priors_count.1,two_year_recid
0,0,1,69,0,0,0,0,0,0,0
1,1,1,34,0,0,0,0,0,0,1
2,2,1,24,0,0,1,4,0,4,1
3,3,1,23,0,1,0,1,0,1,0
4,4,1,43,0,0,0,2,0,2,0
5,5,1,44,0,0,0,0,1,0,0
6,6,1,41,0,0,0,14,0,14,1
7,7,1,43,0,0,0,3,0,3,0
8,8,0,39,0,0,0,0,1,0,0
9,9,1,21,0,0,0,1,0,1,1
10,10,1,27,0,0,0,0,0,0,0
11,11,1,23,0,0,0,3,1,3,1
12,12,0,37,0,0,0,0,1,0,0
13,13,1,41,0,0,0,0,0,0,0
14,14,0,47,0,0,0,1,0,1,1
15,15,1,31,0,0,0,7,0,7,1
16,16,1,37,0,0,0,0,1,0,0
17,17,1,25,0,0,0,3,0,3,0
18,18,1,31,0,0,0,6,0,6,1
19,19,1,31,0,0,0,5,0,5,1
20,20,1,64,0,0,0,13,0,13,1
21,21,1,21,0,0,0,1,0,1,1
22,22,1,27,0,0,0,0,1,0,1
23,23,0,21,0,0,0,0,0,0,0
24,24,1,24,0,0,0,1,0,1,1
25,25,1,43,0,0,0,1,1,1,0
26,26,1,32,0,0,0,0,1,0,0
27,27,1,27,0,0,0,8,0,8,1
28,28,0,36,0,0,0,3,0,3,0
29,29,1,26,0,0,1,5,0,5,1
30,30,1,33,0,0,0,0,0,0,1
31,31,1,30,0,0,0,9,0,9,1
32,32,1,32,0,0,0,4,0,4,1
33,33,1,55,0,0,0,0,0,0,0
34,34,1,49,0,0,0,7,0,7,1
35,35,1,26,0,0,2,6,1,6,0
36,36,0,33,0,0,0,4,1,4,1
37,37,1,24,0,0,0,1,1,1,1
38,38,1,34,2,1,3,21,0,21,1
39,39,1,29,0,0,0,0,1,0,0
40,40,0,21,0,0,0,2,0,2,0
41,41,1,51,0,0,0,2,1,2,0
42,42,1,29,0,0,0,2,1,2,1
43,43,0,51,0,0,0,7,0,7,0
44,44,1,29,0,0,0,0,0,0,1
45,45,1,25,0,0,0,9,1,9,1
46,46,1,35,1,0,4,13,0,13,1
47,47,1,49,0,0,0,0,1,0,0
48,48,1,34,0,0,0,4,1,4,1
49,49,1,29,0,0,0,0,0,0,0
50,50,1,29,0,0,0,1,0,1,1
51,51,0,28,0,0,0,0,0,0,0
52,52,1,48,0,0,0,20,0,20,1
53,53,0,63,0,0,0,1,0,1,0
54,54,1,31,0,0,1,15,0,15,0
55,55,1,24,0,0,0,2,0,2,1
56,56,1,30,0,0,0,0,1,0,0
57,57,1,49,0,0,0,4,1,4,0
58,58,1,53,0,0,0,8,0,8,0
59,59,1,35,0,0,0,5,0,5,0
60,60,1,63,0,0,0,10,1,10,1
61,61,1,27,1,1,2,15,0,15,1
62,62,1,38,0,0,0,4,1,4,1
63,63,1,22,0,0,1,1,0,1,1
64,64,1,22,0,1,2,2,0,2,1
65,65,1,29,0,0,0,4,0,4,1
66,66,1,62,0,0,0,0,1,0,0
67,67,1,27,0,1,0,6,0,6,1
68,68,1,33,0,0,0,0,1,0,0
69,69,0,56,0,0,0,0,1,0,0
70,70,1,45,0,0,0,6,0,6,1
71,71,1,22,0,0,0,1,0,1,0
72,72,1,39,0,0,0,1,1,1,0
73,73,1,29,0,0,0,5,0,5,1
74,74,1,27,0,0,1,1,0,1,1
75,75,1,40,0,0,0,2,0,2,0
76,76,1,22,0,0,0,1,1,1,1
77,77,1,22,0,0,0,0,0,0,0
78,78,0,26,0,0,0,1,0,1,1
79,79,1,27,0,0,0,1,0,1,1
80,80,1,32,0,0,0,0,0,0,0
81,81,1,41,0,0,0,1,1,1,0
82,82,1,30,0,0,0,8,1,8,1
83,83,1,50,0,0,0,0,0,0,1
84,84,1,25,1,6,1,14,0,14,1
85,85,1,20,0,0,0,0,0,0,1
86,86,1,22,1,0,0,2,0,2,1
87,87,1,23,0,0,1,2,1,2,1
88,88,0,35,0,0,0,1,1,1,0
89,89,1,36,0,0,0,9,0,9,1
90,90,1,26,0,0,0,7,0,7,1
91,91,1,21,0,0,0,1,0,1,1
92,92,1,25,0,0,0,9,0,9,1
93,93,1,71,0,0,0,12,1,12,0
94,94,0,20,0,0,0,0,0,0,0
95,95,1,39,0,0,0,2,0,2,1
96,96,1,66,0,0,0,3,0,3,0
97,97,0,54,0,0,0,0,1,0,0
98,98,0,44,0,0,0,0,1,0,0
99,99,1,19,0,0,0,1,1,1,1
100,100,1,24,0,0,0,1,0,1,0
101,101,1,30,0,0,0,1,0,1,0
102,102,0,39,0,0,0,0,0,0,1
103,103,1,24,0,1,2,8,0,8,1
104,104,1,30,0,0,0,0,0,0,0
105,105,1,31,0,0,0,0,1,0,0
106,106,0,39,0,0,0,1,0,1,0
107,107,1,59,0,0,0,14,0,14,1
108,108,1,43,0,0,0,1,0,1,0
109,109,1,21,0,0,0,3,0,3,1
110,110,1,38,0,0,0,5,1,5,1
111,111,1,34,0,0,0,0,0,0,0
112,112,1,33,0,0,0,5,0,5,1
113,113,1,37,0,0,0,3,0,3,0
114,114,1,42,0,0,0,1,0,1,1
115,115,1,41,0,1,0,10,0,10,1
116,116,1,22,0,0,0,0,0,0,1
117,117,1,33,0,12,2,28,0,28,1
118,118,1,31,0,0,0,1,1,1,0
119,119,0,30,0,0,0,1,0,1,0
120,120,1,31,0,0,0,13,0,13,1
121,121,1,27,0,0,0,3,0,3,1
122,122,1,56,0,0,0,8,0,8,0
123,123,1,52,0,0,0,3,1,3,0
124,124,1,33,0,0,0,19,0,19,1
125,125,0,64,0,0,0,2,1,2,0
126,126,1,22,0,0,0,4,0,4,1
127,127,1,42,0,0,0,6,0,6,0
128,128,0,25,0,0,0,2,0,2,0
129,129,1,30,0,0,0,1,1,1,0
130,130,1,28,0,0,0,2,0,2,0
131,131,0,37,0,0,0,2,1,2,0
132,132,1,28,0,0,0,0,1,0,1
133,133,0,24,0,0,0,0,1,0,0
134,134,0,29,0,1,0,10,0,10,1
135,135,1,44,0,0,0,2,1,2,1
136,136,0,30,0,0,0,4,0,4,1
137,137,1,32,0,0,0,3,0,3,1
138,138,1,31,0,0,0,2,1,2,1
139,139,1,31,0,0,0,1,1,1,0
140,140,1,59,0,0,0,1,0,1,1
141,141,0,45,0,0,0,4,0,4,0
142,142,0,20,1,0,0,1,0,1,0
143,143,0,43,0,0,0,0,1,0,0
144,144,1,38,1,1,0,9,0,9,1
145,145,1,32,0,0,0,11,0,11,1
146,146,1,33,0,0,0,8,1,8,1
147,147,0,31,0,0,0,0,0,0,1
148,148,0,33,0,0,0,7,0,7,1
149,149,1,27,0,0,0,2,0,2,1
150,150,0,20,0,0,0,0,0,0,0
151,151,0,26,0,0,0,0,1,0,0
152,152,0,61,0,0,0,1,0,1,1
153,153,1,52,0,0,0,13,0,13,1
154,154,1,63,0,0,0,1,0,1,0
155,155,0,32,0,0,0,4,0,4,1
156,156,1,29,0,0,0,1,0,1,0
157,157,0,46,0,0,0,1,0,1,0
158,158,0,26,0,0,0,2,1,2,1
159,159,1,55,0,0,0,3,1,3,0
160,160,1,39,1,0,0,1,1,1,0
161,161,0,30,0,0,0,3,0,3,1
162,162,1,30,0,0,0,1,0,1,0
163,163,1,48,0,0,0,2,1,2,0
164,164,1,22,0,0,0,1,0,1,0
165,165,1,46,0,0,0,6,0,6,1
166,166,0,49,0,0,0,6,0,6,0
167,167,1,31,0,0,0,0,0,0,0
168,168,1,25,0,0,0,1,1,1,1
169,169,1,23,0,0,0,0,0,0,0
170,170,0,32,0,0,0,5,0,5,0
171,171,1,52,0,0,0,2,1,2,0
172,172,1,62,0,0,0,8,0,8,0
173,173,0,37,0,0,0,6,0,6,0
174,174,1,55,0,0,0,1,0,1,0
175,175,1,31,0,0,0,8,0,8,1
176,176,1,28,0,0,0,6,1,6,1
177,177,1,54,0,0,0,2,0,2,0
178,178,1,58,0,0,0,0,0,0,0
179,179,1,78,0,0,0,1,1,1,1
180,180,1,56,0,0,0,0,0,0,0
181,181,1,24,0,0,0,0,0,0,0
182,182,1,38,2,2,1,22,0,22,1
183,183,1,22,0,0,0,1,0,1,1
184,184,1,47,0,0,0,23,1,23,1
185,185,1,23,0,0,0,0,1,0,1
186,186,1,57,0,0,0,1,0,1,0
187,187,0,38,0,0,0,2,0,2,1
188,188,1,66,0,0,0,3,0,3,0
189,189,1,45,0,0,0,8,1,8,1
190,190,0,52,0,0,0,0,1,0,1
191,191,1,32,0,0,0,13,0,13,1
192,192,1,37,0,0,0,2,1,2,1
193,193,1,39,0,0,0,0,0,0,1
194,194,1,26,0,0,0,9,0,9,1
195,195,1,45,0,0,0,2,0,2,0
196,196,1,23,0,0,0,0,0,0,1
197,197,1,34,0,0,0,2,1,2,0
198,198,0,23,0,0,0,1,1,1,0
199,199,1,36,0,0,0,2,1,2,1
200,200,1,50,0,0,0,1,0,1,0
201,201,0,37,0,0,0,0,1,0,0
202,202,1,44,0,0,0,4,1,4,0
203,203,0,35,0,1,0,23,0,23,1
204,204,1,24,0,0,0,5,0,5,1
205,205,1,26,0,0,0,2,0,2,1
206,206,1,27,0,0,0,0,1,0,0
207,207,0,28,0,0,0,0,0,0,0
208,208,1,43,0,0,0,11,0,11,1
209,209,0,28,0,0,0,7,0,7,1
210,210,1,38,0,0,0,2,0,2,0
211,211,1,27,0,0,0,2,1,2,0
212,212,0,28,0,0,0,1,0,1,0
213,213,1,56,0,0,0,7,0,7,1
214,214,1,38,0,0,0,15,0,15,0
215,215,1,28,0,0,0,2,1,2,0
216,216,1,45,0,0,0,3,0,3,0
217,217,1,28,0,0,0,0,1,0,0
218,218,1,61,0,0,0,1,0,1,0
219,219,0,51,0,0,0,0,1,0,1
220,220,1,51,0,0,0,0,1,0,0
221,221,1,36,0,0,0,1,1,1,1
222,222,1,48,0,0,0,0,0,0,0
223,223,1,37,0,0,0,4,0,4,1
224,224,0,30,0,0,0,2,0,2,0
225,225,0,41,0,0,0,5,1,5,0
226,226,1,27,0,0,0,11,0,11,1
227,227,1,37,0,0,0,0,1,0,0
228,228,1,33,0,0,0,4,0,4,1
229,229,1,54,0,0,0,11,0,11,0
230,230,1,23,0,0,0,2,0,2,0
231,231,0,26,0,0,0,2,0,2,1
232,232,1,41,0,0,0,0,1,0,0
233,233,1,52,0,0,0,0,0,0,0
234,234,1,43,0,0,0,13,0,13,1
235,235,1,52,0,0,0,0,0,0,0
236,236,1,28,0,0,0,1,0,1,0
237,237,1,30,0,0,2,11,1,11,1
238,238,1,28,0,0,0,1,0,1,0
239,239,1,22,0,0,0,0,0,0,0
240,240,1,30,0,0,0,4,0,4,0
241,241,1,25,0,0,0,4,0,4,0
242,242,1,31,0,0,0,0,0,0,1
243,243,1,37,0,0,0,0,0,0,1
244,244,1,32,0,1,0,14,0,14,0
245,245,1,26,0,1,0,4,1,4,0
246,246,1,53,0,0,0,1,1,1,0
247,247,1,28,0,0,0,25,0,25,1
248,248,1,44,0,0,0,8,1,8,1
249,249,1,25,0,0,0,0,0,0,0
250,250,1,22,0,0,1,1,1,1,1
251,251,0,37,0,0,0,0,1,0,0
252,252,0,40,0,0,0,3,0,3,0
253,253,1,36,0,0,0,8,0,8,1
254,254,1,30,0,0,0,4,0,4,0
255,255,1,22,0,0,0,3,1,3,1
256,256,0,24,0,0,0,1,1,1,1
257,257,1,27,0,0,0,3,1,3,1
258,258,0,31,0,0,0,0,1,0,0
259,259,1,23,0,0,1,1,0,1,1
260,260,0,23,0,0,4,5,0,5,1
261,261,1,24,0,0,0,0,1,0,0
262,262,1,29,0,0,0,1,1,1,0
263,263,1,20,0,0,0,1,0,1,1
264,264,1,30,0,0,0,2,0,2,1
265,265,1,39,0,0,0,0,0,0,0
266,266,1,27,0,0,0,4,0,4,0
267,267,1,31,0,0,0,2,1,2,0
268,268,0,37,0,0,0,2,0,2,0
269,269,1,20,0,0,0,0,0,0,0
270,270,1,22,0,0,1,0,0,0,0
271,271,0,52,0,0,0,0,0,0,0
272,272,0,23,0,0,0,0,0,0,1
273,273,0,48,0,0,0,0,0,0,0
274,274,1,66,0,0,0,8,0,8,1
275,275,1,25,0,0,0,0,0,0,0
276,276,1,27,0,0,0,0,0,0,1
277,277,1,30,0,0,0,11,0,11,1
278,278,1,22,0,1,1,3,1,3,1
279,279,0,22,0,0,0,1,0,1,0
280,280,1,35,0,0,0,2,0,2,0
281,281,1,32,0,0,0,2,0,2,0
282,282,0,41,0,0,0,2,1,2,0
283,283,0,25,0,0,0,0,0,0,0
284,284,1,44,0,0,0,24,1,24,0
285,285,1,52,0,0,0,3,0,3,1
286,286,1,43,0,0,0,0,0,0,0
287,287,1,37,0,0,0,3,0,3,0
288,288,1,28,0,0,0,3,1,3,1
289,289,1,70,0,0,0,1,1,1,0
290,290,1,54,0,0,0,6,0,6,1
291,291,1,46,0,0,0,3,0,3,0
292,292,1,21,0,0,0,0,1,0,1
293,293,1,26,0,0,0,1,1,1,1
294,294,1,38,0,0,0,3,0,3,1
295,295,1,34,0,0,0,5,1,5,0
296,296,1,19,0,0,0,1,0,1,1
297,297,1,34,0,0,0,5,1,5,0
298,298,1,23,0,0,0,0,0,0,1
299,299,1,34,0,0,0,5,0,5,1
300,300,1,30,0,0,0,2,0,2,0
301,301,1,39,0,0,0,6,0,6,1
302,302,1,24,0,0,0,0,0,0,0
303,303,1,33,0,0,0,1,1,1,1
304,304,1,58,0,0,0,2,0,2,0
305,305,0,21,0,0,0,0,1,0,0
306,306,1,21,0,0,0,1,0,1,0
307,307,1,23,0,0,1,4,1,4,1
308,308,1,62,0,0,0,0,0,0,0
309,309,1,27,1,0,1,4,1,4,1
310,310,1,37,0,0,0,5,0,5,0
311,311,1,43,0,0,0,2,0,2,1
312,312,0,32,0,0,0,5,0,5,0
313,313,1,23,0,0,0,0,0,0,0
314,314,1,27,0,0,0,0,1,0,0
315,315,1,44,0,0,0,0,1,0,1
316,316,1,28,0,0,0,3,1,3,1
317,317,0,42,0,0,0,0,0,0,0
318,318,1,24,0,1,0,9,0,9,1
319,319,1,27,0,0,0,0,0,0,0
320,320,1,20,0,0,0,0,0,0,1
321,321,0,51,0,0,0,0,1,0,0
322,322,1,56,0,0,0,0,1,0,0
323,323,1,29,0,0,0,7,0,7,0
324,324,1,20,0,0,0,0,0,0,1
325,325,1,53,0,0,0,6,0,6,0
326,326,1,27,0,0,0,8,0,8,0
327,327,1,24,0,1,0,2,0,2,1
328,328,1,53,0,0,0,36,0,36,1
329,329,1,28,0,0,0,2,1,2,1
330,330,1,45,0,0,0,1,0,1,0
331,331,1,21,0,1,0,3,0,3,0
332,332,0,36,0,0,0,0,0,0,0
333,333,0,25,0,0,0,2,1,2,1
334,334,0,23,0,0,0,1,1,1,0
335,335,1,28,0,0,0,1,0,1,0
336,336,0,21,0,0,0,0,0,0,1
337,337,1,36,0,0,0,0,1,0,0
338,338,1,24,0,0,0,0,0,0,0
339,339,1,28,0,0,0,3,0,3,1
340,340,1,30,0,0,0,1,0,1,1
341,341,1,29,0,0,0,0,0,0,0
342,342,0,30,0,0,0,0,1,0,0
343,343,1,51,0,0,0,1,1,1,0
344,344,1,33,0,0,0,3,0,3,0
345,345,0,25,0,0,0,2,0,2,0
346,346,1,32,0,1,0,12,0,12,1
347,347,1,23,0,0,1,1,0,1,0
348,348,1,47,0,0,0,3,0,3,0
349,349,0,32,0,0,0,1,0,1,1
350,350,1,37,0,0,0,0,0,0,0
351,351,1,19,0,2,0,2,0,2,1
352,352,1,27,0,0,0,0,1,0,0
353,353,1,39,0,0,0,0,1,0,0
354,354,0,21,0,0,2,0,0,0,0
355,355,1,69,0,0,0,0,1,0,0
356,356,1,21,0,0,0,2,0,2,0
357,357,1,26,0,0,1,6,1,6,1
358,358,1,22,0,0,0,0,0,0,0
359,359,0,23,0,0,0,0,0,0,1
360,360,1,49,0,0,0,3,0,3,0
361,361,1,29,0,0,1,2,1,2,0
362,362,0,60,0,0,0,0,1,0,0
363,363,0,26,0,0,0,0,1,0,0
364,364,1,23,2,0,0,3,0,3,1
365,365,1,34,0,0,0,2,1,2,1
366,366,0,20,1,0,0,1,0,1,0
367,367,1,36,0,0,0,1,0,1,0
368,368,1,30,0,0,0,0,0,0,0
369,369,1,21,0,1,0,1,0,1,0
370,370,1,22,0,0,0,2,1,2,1
371,371,1,57,0,0,0,18,0,18,0
372,372,1,21,0,0,0,4,0,4,1
373,373,1,21,0,0,0,0,0,0,1
374,374,1,34,0,0,0,1,1,1,0
375,375,0,50,0,0,0,1,1,1,1
376,376,1,40,0,0,0,0,0,0,1
377,377,1,25,0,0,0,7,0,7,1
378,378,0,53,0,0,0,1,1,1,0
379,379,0,24,0,0,0,0,0,0,0
380,380,1,42,0,0,0,1,0,1,0
381,381,1,28,0,0,0,1,1,1,0
382,382,1,24,0,0,0,1,1,1,0
383,383,1,26,1,1,0,6,0,6,1
384,384,1,22,0,0,0,4,0,4,1
385,385,1,21,0,0,0,3,1,3,0
386,386,1,37,0,0,0,23,0,23,1
387,387,1,35,0,0,0,2,0,2,0
388,388,1,53,0,0,0,2,0,2,0
389,389,1,60,0,0,0,1,0,1,0
390,390,1,29,0,0,0,7,0,7,0
391,391,1,48,1,0,0,23,0,23,1
392,392,0,52,0,0,0,0,1,0,0
393,393,1,27,0,0,0,12,0,12,1
394,394,1,28,0,0,0,5,0,5,0
395,395,1,33,0,0,0,3,1,3,0
396,396,0,28,0,0,0,0,0,0,0
397,397,1,47,0,0,0,5,0,5,1
398,398,1,36,0,0,0,14,0,14,1
399,399,1,29,1,0,0,2,0,2,0
400,400,1,22,0,0,1,0,1,0,1
401,401,1,26,0,0,2,6,0,6,0
402,402,1,25,0,0,0,0,0,0,0
403,403,1,68,0,0,0,2,0,2,0
404,404,1,56,0,0,0,5,0,5,0
405,405,1,27,0,0,0,9,0,9,1
406,406,1,52,0,0,0,4,0,4,1
407,407,1,32,0,0,0,3,0,3,0
408,408,1,60,0,0,0,4,0,4,0
409,409,1,23,0,0,0,1,1,1,0
410,410,0,39,0,0,0,0,1,0,0
411,411,1,56,0,0,0,0,1,0,0
412,412,0,22,0,0,0,0,0,0,0
413,413,0,27,0,0,0,1,0,1,1
414,414,1,53,0,0,0,11,0,11,0
415,415,1,25,0,0,0,0,1,0,1
416,416,1,21,0,0,0,0,1,0,0
417,417,1,22,0,0,0,0,0,0,0
418,418,0,58,0,0,0,2,1,2,0
419,419,1,31,0,0,0,7,1,7,1
420,420,1,22,0,0,0,1,0,1,1
421,421,1,28,0,0,0,8,0,8,1
422,422,1,42,0,0,0,1,0,1,0
423,423,1,20,0,0,0,0,0,0,1
424,424,1,29,0,0,0,0,1,0,1
425,425,1,29,0,0,0,8,0,8,0
426,426,1,58,0,0,0,21,1,21,1
427,427,1,22,0,0,0,3,0,3,0
428,428,1,48,0,0,0,1,1,1,1
429,429,1,37,0,0,0,0,0,0,0
430,430,1,57,0,0,0,1,0,1,1
431,431,1,27,0,0,0,3,1,3,0
432,432,1,26,0,0,0,3,0,3,0
433,433,1,24,0,1,1,3,0,3,1
434,434,1,33,0,0,0,0,0,0,0
435,435,1,29,0,0,0,2,0,2,0
436,436,0,24,0,0,0,3,0,3,1
437,437,1,19,0,0,1,1,0,1,1
438,438,1,36,0,0,0,2,1,2,0
439,439,0,24,0,0,0,0,0,0,0
440,440,1,34,0,0,0,0,1,0,0
441,441,1,25,0,0,0,2,0,2,1
442,442,1,20,1,0,1,1,0,1,1
443,443,1,28,0,0,0,2,1,2,1
444,444,1,24,0,0,0,1,1,1,1
445,445,1,61,0,0,0,4,0,4,0
446,446,0,50,0,0,0,3,0,3,0
447,447,1,30,0,0,0,1,1,1,0
448,448,1,38,0,0,0,5,0,5,0
449,449,1,24,0,0,0,0,1,0,0
450,450,1,45,0,0,0,16,0,16,0
451,451,0,46,0,0,0,2,0,2,1
452,452,1,41,0,0,0,0,1,0,1
453,453,1,20,0,0,1,0,0,0,1
454,454,1,27,0,0,0,13,1,13,1
455,455,0,51,0,0,0,16,0,16,0
456,456,1,26,0,0,0,1,1,1,1
457,457,1,29,0,0,0,3,0,3,1
458,458,1,52,0,0,0,6,0,6,1
459,459,1,28,0,0,0,1,0,1,1
460,460,0,34,0,0,0,4,0,4,1
461,461,1,55,0,0,0,5,0,5,1
462,462,1,26,1,1,0,10,0,10,1
463,463,1,28,0,0,0,5,0,5,0
464,464,1,63,0,0,0,2,0,2,0
465,465,1,42,0,0,0,0,0,0,0
466,466,1,23,1,2,2,6,0,6,0
467,467,1,54,0,0,0,28,0,28,1
468,468,1,35,0,0,1,8,0,8,1
469,469,0,24,1,0,0,6,0,6,1
470,470,1,54,0,0,0,2,1,2,0
471,471,1,58,0,0,0,12,1,12,1
472,472,1,23,0,0,1,1,1,1,1
473,473,1,35,0,0,0,1,1,1,0
474,474,1,20,0,0,0,1,0,1,1
475,475,1,51,0,0,0,0,0,0,0
476,476,1,24,0,0,0,0,0,0,0
477,477,1,37,0,0,0,3,0,3,0
478,478,1,47,0,0,0,3,0,3,0
479,479,1,34,0,0,0,4,0,4,1
480,480,1,56,0,0,0,0,0,0,0
481,481,1,34,0,0,0,4,0,4,1
482,482,1,59,0,0,0,1,0,1,1
483,483,1,35,0,0,0,0,0,0,0
484,484,1,58,0,0,0,1,0,1,0
485,485,1,29,0,0,0,2,1,2,0
486,486,0,24,0,0,1,6,0,6,1
487,487,1,21,0,0,4,2,1,2,1
488,488,1,26,0,0,0,2,1,2,0
489,489,1,50,0,0,0,5,0,5,1
490,490,1,26,0,0,0,1,0,1,0
491,491,0,30,0,0,0,0,1,0,0
492,492,1,29,0,0,0,6,0,6,1
493,493,1,29,0,0,0,0,1,0,1
494,494,1,54,0,0,0,0,1,0,0
495,495,1,29,0,0,0,4,0,4,1
496,496,0,59,0,0,0,0,1,0,0
497,497,1,38,0,0,0,0,0,0,0
498,498,0,22,0,0,0,2,0,2,1
499,499,1,29,0,0,0,4,0,4,1
500,500,1,27,0,0,0,1,1,1,1
501,501,1,26,0,0,0,7,0,7,1
502,502,1,52,0,0,0,20,0,20,0
503,503,1,66,0,0,0,33,0,33,1
504,504,1,27,0,0,0,2,0,2,0
505,505,1,51,0,0,0,1,1,1,0
506,506,1,35,0,0,0,1,0,1,0
507,507,1,26,0,0,0,1,0,1,0
508,508,1,52,0,0,0,4,1,4,0
509,509,0,35,0,0,0,12,1,12,0
510,510,1,48,0,0,0,12,0,12,0
511,511,0,26,0,0,0,0,1,0,0
512,512,0,48,0,0,0,0,1,0,0
513,513,1,30,0,0,0,7,1,7,0
514,514,1,28,0,0,0,2,1,2,0
515,515,1,33,0,0,0,2,1,2,0
516,516,0,34,0,0,0,6,0,6,0
517,517,1,25,0,0,0,0,1,0,0
518,518,1,59,0,0,0,10,0,10,1
519,519,1,29,0,0,0,5,0,5,1
520,520,1,24,0,0,0,0,0,0,0
521,521,1,48,0,0,0,1,0,1,1
522,522,1,55,0,0,0,0,1,0,1
523,523,1,52,0,0,0,4,1,4,0
524,524,1,20,0,0,0,0,0,0,1
525,525,1,25,0,0,0,4,0,4,1
526,526,1,24,0,0,0,0,0,0,0
527,527,1,23,0,0,0,0,1,0,0
528,528,1,27,0,1,3,6,0,6,0
529,529,1,25,0,1,0,1,1,1,1
530,530,1,31,0,0,0,0,0,0,0
531,531,1,25,0,1,0,6,0,6,1
532,532,1,32,0,0,0,1,0,1,1
533,533,1,21,0,0,0,0,0,0,1
534,534,1,37,0,0,0,1,0,1,0
535,535,1,25,0,0,0,0,0,0,0
536,536,1,32,1,1,0,20,0,20,0
537,537,1,35,0,0,0,0,0,0,0
538,538,1,42,0,0,0,14,0,14,1
539,539,1,24,0,0,1,9,1,9,1
540,540,1,22,1,0,4,6,0,6,1
541,541,1,21,0,0,0,0,0,0,1
542,542,1,47,0,0,0,1,1,1,0
543,543,1,27,0,0,0,5,0,5,1
544,544,1,43,0,0,0,2,1,2,1
545,545,1,46,0,0,0,2,0,2,1
546,546,1,44,0,0,0,1,1,1,0
547,547,1,27,0,0,0,0,0,0,0
548,548,1,23,0,0,0,2,0,2,0
549,549,0,50,0,0,0,1,0,1,0
550,550,1,42,0,0,0,8,0,8,0
551,551,1,58,0,0,0,6,0,6,0
552,552,1,26,0,0,1,3,0,3,0
553,553,0,48,0,0,0,0,0,0,0
554,554,1,39,0,0,0,3,0,3,1
555,555,1,21,0,2,0,3,0,3,1
556,556,1,63,0,0,0,1,1,1,0
557,557,1,22,0,1,0,3,0,3,1
558,558,1,50,0,0,0,3,1,3,0
559,559,1,38,0,0,0,0,0,0,0
560,560,1,41,0,0,0,1,0,1,0
561,561,1,28,8,0,1,16,0,16,1
562,562,0,30,0,0,0,0,1,0,0
563,563,1,23,0,0,0,1,0,1,0
564,564,1,25,0,0,0,2,0,2,1
565,565,1,40,0,0,0,5,0,5,0
566,566,1,24,0,0,0,8,0,8,0
567,567,1,27,0,0,0,5,1,5,1
568,568,1,44,0,0,0,11,1,11,0
569,569,0,35,0,0,0,6,0,6,1
570,570,1,42,0,0,0,0,1,0,0
571,571,1,38,0,0,0,15,0,15,0
572,572,1,26,0,0,0,4,0,4,0
573,573,0,25,0,0,0,0,1,0,0
574,574,1,24,0,0,0,1,0,1,0
575,575,1,64,0,0,0,1,0,1,0
576,576,0,49,0,0,0,2,1,2,1
577,577,1,50,0,0,0,5,0,5,1
578,578,1,28,0,0,0,8,0,8,1
579,579,1,66,0,0,0,0,1,0,1
580,580,0,46,0,0,0,0,1,0,0
581,581,1,30,0,0,1,5,0,5,1
582,582,0,22,0,0,0,0,1,0,0
583,583,1,23,0,0,0,1,1,1,0
584,584,1,30,0,0,0,0,1,0,1
585,585,1,24,1,0,0,10,0,10,1
586,586,1,31,0,0,0,0,1,0,0
587,587,1,31,0,0,0,1,0,1,0
588,588,1,21,4,0,0,4,0,4,1
589,589,1,28,0,0,0,4,0,4,0
590,590,1,25,0,0,0,0,1,0,0
591,591,0,21,0,0,0,0,0,0,0
592,592,1,27,0,0,0,0,1,0,0
593,593,1,20,0,0,0,0,1,0,1
594,594,1,32,0,0,0,1,0,1,0
595,595,0,24,0,0,1,0,0,0,0
596,596,1,20,1,0,0,1,0,1,0
597,597,1,31,0,0,0,3,1,3,1
598,598,1,27,0,0,0,3,1,3,1
599,599,1,59,0,0,0,17,0,17,1
600,600,1,40,0,0,0,0,0,0,0
601,601,1,22,0,0,0,11,0,11,1
602,602,0,38,0,0,0,1,0,1,0
603,603,1,36,0,0,0,1,1,1,1
604,604,1,30,0,0,0,1,1,1,0
605,605,1,27,0,0,0,6,0,6,1
606,606,1,43,0,0,0,1,1,1,0
607,607,0,59,0,0,0,0,1,0,0
608,608,1,37,0,0,0,2,1,2,0
609,609,1,28,0,0,0,5,1,5,1
610,610,1,38,0,0,0,0,0,0,0
611,611,1,22,0,0,1,0,0,0,1
612,612,1,43,0,0,0,1,1,1,0
613,613,1,25,0,0,0,4,0,4,1
614,614,1,51,0,0,0,0,1,0,0
615,615,1,30,0,0,0,6,0,6,1
616,616,1,29,0,0,0,2,1,2,1
617,617,1,28,0,0,0,10,0,10,0
618,618,1,26,0,0,0,6,1,6,0
619,619,1,55,0,0,0,9,1,9,1
620,620,0,23,0,0,0,3,0,3,0
621,621,0,22,0,0,0,0,1,0,0
622,622,0,19,0,0,0,2,0,2,1
623,623,1,31,0,0,0,1,1,1,0
624,624,1,29,0,0,0,0,1,0,0
625,625,1,61,0,0,0,15,0,15,1
626,626,1,24,0,0,0,4,0,4,1
627,627,1,31,0,0,0,0,1,0,0
628,628,1,20,0,1,1,4,0,4,1
629,629,1,26,0,0,0,3,0,3,1
630,630,1,27,0,0,0,5,1,5,0
631,631,1,25,0,0,0,1,0,1,0
632,632,1,23,0,2,0,3,0,3,1
633,633,1,38,0,0,0,0,0,0,0
634,634,1,27,0,2,1,18,0,18,1
635,635,0,35,0,0,0,0,0,0,1
636,636,1,22,0,0,0,0,0,0,0
637,637,0,58,0,0,0,4,0,4,1
638,638,0,57,0,0,0,0,1,0,1
639,639,1,21,0,0,1,0,0,0,0
640,640,0,22,0,0,0,0,0,0,0
641,641,1,30,0,0,0,0,0,0,0
642,642,1,24,0,0,0,1,0,1,1
643,643,1,22,0,0,0,2,0,2,1
644,644,1,29,0,0,0,3,0,3,1
645,645,1,30,0,0,0,8,0,8,1
646,646,0,31,0,0,0,10,0,10,0
647,647,0,45,0,0,0,1,0,1,0
648,648,1,23,0,0,0,4,0,4,0
649,649,1,39,0,0,0,2,0,2,1
650,650,1,31,0,0,0,0,0,0,1
651,651,1,22,0,0,0,1,0,1,1
652,652,0,27,0,0,0,9,0,9,1
653,653,1,27,0,0,0,13,0,13,1
654,654,1,38,0,0,0,1,0,1,1
655,655,1,31,0,0,0,23,0,23,1
656,656,1,47,0,0,0,20,0,20,0
657,657,1,22,0,1,0,3,0,3,0
658,658,1,35,0,0,1,1,1,1,1
659,659,1,23,0,0,0,2,1,2,1
660,660,1,65,0,0,0,2,1,2,1
661,661,1,35,0,0,0,0,1,0,0
662,662,0,33,0,0,0,0,0,0,0
663,663,1,53,0,0,0,1,1,1,0
664,664,1,52,0,0,0,0,0,0,0
665,665,1,21,0,0,0,0,0,0,0
666,666,1,37,0,0,0,11,0,11,0
667,667,1,30,0,0,0,4,1,4,1
668,668,1,33,0,0,0,5,0,5,0
669,669,1,31,0,0,0,2,1,2,0
670,670,1,54,0,0,0,0,0,0,0
671,671,0,31,0,0,0,0,1,0,0
672,672,0,59,0,0,0,2,0,2,0
673,673,1,27,0,0,0,0,1,0,0
674,674,1,36,0,0,0,0,1,0,1
675,675,1,46,0,0,0,17,0,17,1
676,676,1,22,0,0,1,3,0,3,0
677,677,0,28,0,0,0,0,1,0,0
678,678,0,34,0,0,1,15,0,15,1
679,679,1,29,0,0,0,7,0,7,1
680,680,1,23,0,0,1,2,1,2,1
681,681,1,27,0,0,0,3,0,3,0
682,682,1,21,0,0,1,0,0,0,1
683,683,1,48,0,0,0,3,0,3,1
684,684,1,30,0,0,0,15,0,15,1
685,685,0,32,0,0,0,2,0,2,0
686,686,1,31,0,0,0,5,0,5,0
687,687,1,36,0,1,0,4,1,4,0
688,688,1,36,0,0,0,1,1,1,0
689,689,1,44,0,0,0,14,0,14,1
690,690,1,53,0,0,0,2,0,2,0
691,691,1,33,0,0,0,3,1,3,1
692,692,1,21,1,0,0,2,0,2,0
693,693,1,33,0,0,0,4,0,4,1
694,694,1,47,0,0,0,2,0,2,1
695,695,1,57,0,0,0,20,0,20,1
696,696,1,28,0,0,0,2,1,2,0
697,697,1,24,0,0,0,1,1,1,0
698,698,1,44,0,0,0,1,0,1,0
699,699,1,46,0,0,0,0,0,0,0
700,700,1,37,0,0,0,6,0,6,0
701,701,1,26,0,0,0,10,1,10,1
702,702,1,27,0,1,0,10,0,10,1
703,703,1,40,0,0,0,1,0,1,0
704,704,0,60,0,0,0,9,0,9,1
705,705,1,53,0,0,0,1,0,1,0
706,706,1,26,0,1,0,8,0,8,0
707,707,1,28,0,0,0,0,0,0,0
708,708,1,23,0,0,0,0,1,0,0
709,709,0,46,0,0,0,2,0,2,0
710,710,1,23,0,0,0,0,0,0,1
711,711,1,37,0,0,0,5,0,5,1
712,712,1,44,0,0,1,1,1,1,0
713,713,1,50,0,0,0,18,0,18,1
714,714,1,45,0,0,0,0,1,0,0
715,715,1,22,0,0,0,1,0,1,0
716,716,1,26,0,0,0,1,0,1,1
717,717,1,62,0,0,0,0,0,0,0
718,718,1,34,0,0,0,0,1,0,1
719,719,1,24,0,0,0,1,0,1,0
720,720,1,21,0,0,0,0,1,0,0
721,721,1,25,0,0,0,0,0,0,1
722,722,1,68,0,0,0,0,1,0,0
723,723,1,41,0,0,0,2,1,2,0
724,724,1,21,0,0,0,1,0,1,0
725,725,0,37,0,0,0,1,0,1,0
726,726,1,22,0,0,0,0,0,0,0
727,727,1,38,0,0,0,11,0,11,1
728,728,1,42,0,0,0,1,0,1,0
729,729,1,22,0,1,1,1,0,1,1
730,730,1,45,0,0,0,0,0,0,1
731,731,0,36,0,0,0,4,0,4,1
732,732,1,48,0,0,0,2,0,2,0
733,733,0,45,0,0,0,1,0,1,0
734,734,1,23,0,0,1,6,0,6,1
735,735,1,24,0,0,0,0,0,0,0
736,736,1,29,0,0,0,0,0,0,0
737,737,1,24,0,0,0,0,0,0,0
738,738,1,50,0,0,0,11,0,11,0
739,739,1,34,0,1,0,10,0,10,1
740,740,1,23,0,0,0,0,0,0,0
741,741,0,22,0,0,0,0,1,0,0
742,742,1,36,0,0,0,0,0,0,0
743,743,1,30,0,0,0,22,0,22,1
744,744,1,21,0,0,0,0,0,0,1
745,745,0,53,0,0,0,0,0,0,0
746,746,1,24,0,0,0,1,0,1,0
747,747,1,25,0,1,1,7,1,7,1
748,748,0,25,0,0,0,1,1,1,0
749,749,1,71,0,0,0,8,0,8,0
750,750,1,39,0,4,0,10,1,10,0
751,751,0,37,0,0,0,0,0,0,0
752,752,1,20,0,0,2,0,0,0,1
753,753,0,29,0,0,0,3,0,3,0
754,754,1,22,0,0,0,2,0,2,1
755,755,1,26,0,0,0,4,0,4,1
756,756,1,35,0,0,0,5,0,5,0
757,757,0,47,0,0,0,19,0,19,1
758,758,1,21,0,0,0,1,0,1,1
759,759,0,23,0,0,0,0,1,0,0
760,760,0,20,0,0,0,1,0,1,1
761,761,0,23,0,0,0,0,0,0,0
762,762,1,27,0,0,0,3,1,3,0
763,763,1,55,0,0,0,18,0,18,1
764,764,0,53,0,0,0,0,0,0,0
765,765,0,23,0,0,0,0,0,0,0
766,766,1,26,0,0,1,5,0,5,1
767,767,1,25,0,0,0,6,0,6,0
768,768,1,23,0,0,0,2,1,2,0
769,769,1,27,0,0,0,4,0,4,1
770,770,1,26,0,0,0,2,1,2,0
771,771,1,29,0,0,0,1,1,1,0
772,772,1,27,0,0,0,1,0,1,1
773,773,1,28,0,0,0,0,0,0,0
774,774,1,31,0,0,0,0,1,0,0
775,775,1,41,0,0,0,8,0,8,1
776,776,1,25,0,0,0,0,1,0,0
777,777,1,47,0,0,0,0,1,0,0
778,778,1,37,0,0,0,4,0,4,0
779,779,0,35,0,0,0,4,0,4,0
780,780,1,24,0,0,0,1,1,1,1
781,781,1,21,0,2,1,2,0,2,1
782,782,1,22,0,0,0,0,0,0,1
783,783,1,57,0,0,0,11,0,11,0
784,784,1,48,0,0,0,0,0,0,0
785,785,1,36,0,0,0,0,0,0,0
786,786,0,37,0,0,0,3,0,3,0
787,787,1,31,0,0,0,0,1,0,0
788,788,1,22,0,1,0,1,0,1,1
789,789,1,31,0,0,0,2,1,2,0
790,790,1,24,0,0,0,0,0,0,1
791,791,1,32,0,0,1,22,0,22,1
792,792,0,23,0,0,0,0,1,0,0
793,793,1,63,0,0,0,0,1,0,0
794,794,1,30,0,0,0,0,0,0,0
795,795,1,26,0,0,0,2,0,2,1
796,796,1,48,0,0,0,2,1,2,0
797,797,1,20,0,0,2,0,0,0,0
798,798,0,24,0,0,0,1,1,1,1
799,799,0,36,0,0,0,1,1,1,0
800,800,1,83,0,0,0,0,1,0,0
801,801,1,28,0,0,0,2,0,2,0
802,802,1,36,0,0,0,3,0,3,1
803,803,0,33,0,0,0,0,1,0,0
804,804,1,39,0,0,0,0,0,0,0
805,805,1,29,0,0,0,3,1,3,0
806,806,1,30,0,0,0,17,0,17,1
807,807,0,19,1,1,0,1,1,1,1
808,808,1,24,0,0,0,1,0,1,1
809,809,1,36,0,0,0,11,0,11,0
810,810,0,29,0,0,0,1,0,1,0
811,811,1,35,0,0,0,7,0,7,0
812,812,1,24,0,0,1,0,0,0,0
813,813,1,26,0,0,0,0,1,0,0
814,814,1,26,0,0,0,8,0,8,0
815,815,1,52,0,0,0,7,1,7,0
816,816,1,28,0,0,0,14,0,14,1
817,817,1,32,0,0,0,0,1,0,0
818,818,0,32,0,0,0,1,1,1,1
819,819,1,33,0,0,0,5,1,5,1
820,820,1,29,0,1,0,16,0,16,0
821,821,1,34,0,0,0,1,1,1,1
822,822,0,37,0,0,0,0,1,0,1
823,823,1,43,0,0,0,0,1,0,0
824,824,1,47,0,0,0,2,0,2,0
825,825,1,25,0,0,0,3,1,3,1
826,826,0,23,0,0,0,1,0,1,0
827,827,1,39,0,0,0,2,1,2,0
828,828,1,35,0,0,0,13,0,13,1
829,829,1,33,0,0,0,0,0,0,0
830,830,1,21,0,0,0,0,0,0,1
831,831,1,43,1,0,0,20,0,20,0
832,832,1,25,0,1,1,3,0,3,1
833,833,1,48,1,0,0,25,0,25,1
834,834,1,22,0,0,1,1,1,1,1
835,835,1,52,1,0,0,9,1,9,1
836,836,1,26,0,0,0,5,0,5,1
837,837,1,67,0,0,0,4,1,4,1
838,838,1,34,0,0,0,4,1,4,0
839,839,1,56,0,0,0,4,1,4,0
840,840,1,28,0,0,0,1,0,1,1
841,841,1,29,0,0,0,2,1,2,0
842,842,0,24,0,0,0,0,1,0,1
843,843,1,37,0,0,0,6,0,6,1
844,844,1,43,0,0,0,3,0,3,0
845,845,1,51,0,0,0,0,0,0,0
846,846,1,20,0,0,1,1,1,1,1
847,847,1,26,0,0,0,4,1,4,1
848,848,0,39,0,0,0,1,1,1,1
849,849,1,21,0,0,1,1,0,1,0
850,850,1,21,0,1,1,1,0,1,1
851,851,1,24,0,2,0,3,0,3,1
852,852,1,26,0,1,0,4,1,4,1
853,853,1,48,0,0,0,1,0,1,0
854,854,1,24,0,1,0,5,0,5,1
855,855,1,26,0,0,0,0,0,0,0
856,856,1,46,0,0,0,0,0,0,0
857,857,0,30,0,0,0,1,1,1,0
858,858,1,24,0,1,1,7,1,7,0
859,859,0,21,0,0,0,0,1,0,0
860,860,1,24,0,0,0,1,0,1,1
861,861,1,30,0,0,0,1,0,1,0
862,862,1,36,0,0,0,9,1,9,0
863,863,1,30,0,0,0,5,0,5,1
864,864,0,22,0,0,0,1,0,1,0
865,865,1,25,0,0,0,0,0,0,1
866,866,1,31,0,3,0,25,1,25,1
867,867,1,24,0,0,0,0,0,0,0
868,868,1,39,0,0,0,13,0,13,1
869,869,1,46,0,0,0,0,0,0,0
870,870,1,48,0,0,0,5,1,5,1
871,871,0,30,0,0,0,4,0,4,0
872,872,1,40,0,0,0,0,0,0,0
873,873,0,52,0,0,0,0,0,0,0
874,874,1,23,1,0,1,3,0,3,0
875,875,0,26,0,0,0,1,1,1,0
876,876,1,22,0,1,0,1,0,1,1
877,877,1,42,0,0,0,3,0,3,0
878,878,1,23,0,3,1,6,0,6,1
879,879,1,33,0,0,0,4,0,4,1
880,880,1,28,0,0,0,1,0,1,0
881,881,0,37,0,0,0,4,1,4,0
882,882,1,50,0,0,0,1,0,1,0
883,883,1,38,0,0,1,25,1,25,1
884,884,1,32,0,0,0,1,0,1,0
885,885,1,24,0,0,0,3,0,3,1
886,886,1,51,0,0,0,3,0,3,0
887,887,1,19,0,0,0,1,1,1,1
888,888,1,32,0,0,0,4,0,4,0
889,889,0,31,0,0,0,1,0,1,1
890,890,0,29,0,0,0,1,0,1,0
891,891,1,43,0,0,0,0,1,0,0
892,892,1,26,0,0,0,9,0,9,1
893,893,1,27,0,0,0,0,0,0,1
894,894,1,52,0,0,0,1,0,1,1
895,895,1,27,0,0,0,1,1,1,0
896,896,0,57,0,0,0,1,1,1,0
897,897,1,28,0,0,0,3,1,3,1
898,898,1,32,0,0,0,3,0,3,1
899,899,1,27,0,0,0,5,1,5,1
900,900,1,45,0,0,0,0,1,0,1
901,901,0,42,0,0,0,0,1,0,0
902,902,1,33,0,0,0,0,0,0,1
903,903,1,26,0,0,0,4,1,4,0
904,904,0,28,0,0,1,3,1,3,0
905,905,0,53,0,0,0,0,1,0,0
906,906,1,24,0,0,0,0,0,0,0
907,907,1,28,0,0,0,1,0,1,0
908,908,1,28,0,0,0,1,0,1,0
909,909,1,39,0,0,1,6,1,6,1
910,910,1,22,0,0,0,1,0,1,1
911,911,1,46,0,0,0,2,0,2,1
912,912,1,25,0,0,0,0,1,0,0
913,913,1,52,0,0,0,1,0,1,0
914,914,1,28,0,0,0,4,1,4,1
915,915,0,57,0,0,0,1,0,1,1
916,916,1,49,0,0,0,3,0,3,1
917,917,1,21,0,0,0,2,0,2,1
918,918,1,32,0,0,0,19,0,19,1
919,919,1,63,0,0,0,3,1,3,0
920,920,1,29,0,0,0,2,0,2,0
921,921,1,46,0,0,0,0,1,0,0
922,922,1,23,0,0,0,5,0,5,1
923,923,1,28,0,0,0,10,1,10,1
924,924,1,27,0,0,0,1,0,1,0
925,925,0,69,0,0,0,0,1,0,0
926,926,1,47,0,0,0,0,1,0,0
927,927,1,45,0,0,0,1,0,1,0
928,928,0,33,0,0,0,1,1,1,0
929,929,0,27,0,0,0,0,1,0,1
930,930,1,47,0,0,0,4,0,4,1
931,931,1,32,0,0,0,14,0,14,1
932,932,1,24,0,0,0,2,0,2,0
933,933,1,26,0,0,0,5,0,5,1
934,934,1,47,0,0,0,0,1,0,0
935,935,1,25,0,0,0,1,0,1,0
936,936,1,21,0,0,0,1,0,1,0
937,937,1,25,0,0,0,2,1,2,1
938,938,1,22,1,1,0,6,0,6,1
939,939,0,26,0,0,0,0,0,0,0
940,940,1,20,0,0,0,0,0,0,0
941,941,1,30,0,0,0,1,1,1,1
942,942,1,45,0,0,0,0,0,0,1
943,943,1,33,0,0,0,7,0,7,1
944,944,1,35,0,0,0,2,0,2,0
945,945,1,41,0,0,0,5,0,5,0
946,946,1,23,0,0,0,0,1,0,0
947,947,0,21,0,1,0,0,1,0,1
948,948,1,54,0,0,0,0,0,0,0
949,949,1,27,0,0,0,10,0,10,1
950,950,1,22,0,0,0,0,1,0,0
951,951,0,21,0,0,0,0,1,0,1
952,952,1,23,0,0,0,2,0,2,1
953,953,1,30,0,0,0,1,1,1,0
954,954,1,36,0,0,0,5,1,5,1
955,955,0,24,0,0,0,2,0,2,1
956,956,1,29,0,0,1,10,0,10,1
957,957,1,54,0,0,0,4,1,4,1
958,958,1,22,0,0,0,2,1,2,1
959,959,1,38,0,0,0,2,0,2,0
960,960,1,26,0,0,0,0,1,0,1
961,961,0,20,0,0,0,0,0,0,0
962,962,1,56,0,0,0,0,1,0,0
963,963,1,52,0,0,0,6,1,6,1
964,964,1,29,0,0,0,0,0,0,0
965,965,0,23,0,0,0,6,1,6,0
966,966,1,35,0,0,0,1,1,1,0
967,967,1,32,0,0,0,8,0,8,1
968,968,1,21,0,0,0,1,1,1,1
969,969,1,25,0,0,0,0,0,0,0
970,970,1,32,0,1,0,5,1,5,1
971,971,1,30,0,0,0,4,1,4,1
972,972,0,30,0,0,0,3,0,3,0
973,973,1,23,0,0,0,2,0,2,1
974,974,1,32,1,0,0,8,0,8,0
975,975,1,52,0,0,0,1,0,1,0
976,976,1,29,0,0,0,6,0,6,1
977,977,1,42,0,0,0,0,1,0,0
978,978,1,21,0,0,1,0,0,0,1
979,979,0,36,0,0,0,4,0,4,1
980,980,0,22,0,0,0,0,1,0,0
981,981,1,45,0,0,0,2,0,2,0
982,982,1,29,0,0,0,0,1,0,0
983,983,1,54,0,0,0,2,1,2,0
984,984,1,30,0,0,0,6,0,6,1
985,985,1,51,0,0,0,17,1,17,0
986,986,1,45,0,0,0,20,0,20,1
987,987,1,27,0,0,0,3,0,3,1
988,988,1,24,0,0,0,1,0,1,1
989,989,1,24,0,0,0,2,0,2,0
990,990,1,23,0,0,0,2,1,2,0
991,991,0,42,0,0,0,2,1,2,0
992,992,1,36,0,0,0,5,0,5,0
993,993,0,38,0,1,0,8,1,8,1
994,994,1,69,0,0,0,0,1,0,0
995,995,1,21,0,0,1,1,0,1,1
996,996,1,59,0,0,0,1,1,1,0
997,997,1,39,0,0,0,1,0,1,0
998,998,1,29,0,0,0,2,0,2,0
999,999,1,22,0,0,0,1,1,1,1
1000,1000,1,28,0,0,0,1,0,1,0
1001,1001,1,44,0,0,0,6,0,6,0
1002,1002,1,25,0,0,0,2,0,2,0
1003,1003,1,31,0,0,0,0,0,0,0
1004,1004,1,35,0,1,0,17,1,17,1
1005,1005,1,27,0,0,0,11,1,11,1
1006,1006,1,33,0,0,0,1,0,1,0
1007,1007,1,28,0,0,0,6,0,6,1
1008,1008,1,20,1,0,1,1,0,1,1
1009,1009,1,60,0,0,0,1,0,1,0
1010,1010,1,53,0,0,0,0,1,0,0
1011,1011,1,51,0,0,0,0,0,0,1
1012,1012,1,25,0,0,0,1,0,1,0
1013,1013,1,27,2,1,0,5,0,5,1
1014,1014,0,54,0,0,0,0,0,0,0
1015,1015,0,26,0,0,1,3,1,3,0
1016,1016,1,24,1,2,0,3,1,3,0
1017,1017,1,55,0,0,0,1,0,1,1
1018,1018,1,26,0,0,0,0,0,0,0
1019,1019,0,75,0,0,0,5,0,5,0
1020,1020,1,36,0,0,0,16,0,16,1
1021,1021,1,56,0,0,0,8,0,8,0
1022,1022,1,34,0,0,0,0,0,0,1
1023,1023,0,25,0,0,0,5,1,5,1
1024,1024,1,46,0,0,0,0,0,0,0
1025,1025,1,27,0,0,0,1,0,1,0
1026,1026,1,24,0,0,0,1,1,1,0
1027,1027,1,28,0,0,0,3,1,3,1
1028,1028,1,42,1,0,1,13,1,13,1
1029,1029,1,59,0,0,0,2,1,2,0
1030,1030,1,39,0,0,0,1,0,1,0
1031,1031,1,46,0,0,0,5,1,5,0
1032,1032,1,25,0,0,0,1,0,1,0
1033,1033,1,55,0,0,0,2,0,2,0
1034,1034,1,35,0,0,0,1,1,1,1
1035,1035,1,43,0,0,0,0,1,0,1
1036,1036,0,53,0,0,0,0,1,0,0
1037,1037,0,21,0,0,0,0,1,0,0
1038,1038,1,55,0,0,0,17,0,17,1
1039,1039,1,27,0,0,0,1,0,1,1
1040,1040,1,40,0,0,0,0,0,0,0
1041,1041,0,37,0,0,0,0,1,0,0
1042,1042,1,32,0,0,0,2,1,2,1
1043,1043,1,32,0,0,0,2,1,2,0
1044,1044,1,36,0,0,0,4,1,4,1
1045,1045,1,22,0,0,0,0,1,0,0
1046,1046,0,31,0,0,0,0,0,0,0
1047,1047,0,26,0,0,0,4,0,4,1
1048,1048,0,50,0,0,0,30,1,30,1
1049,1049,1,47,0,0,0,4,0,4,0
1050,1050,1,36,0,0,0,2,0,2,0
1051,1051,0,38,0,0,0,0,0,0,0
1052,1052,1,35,0,0,0,0,0,0,0
1053,1053,1,53,0,0,0,0,0,0,0
1054,1054,1,53,0,0,0,2,0,2,0
1055,1055,1,57,0,0,0,19,0,19,0
1056,1056,1,22,0,0,0,5,0,5,1
1057,1057,1,21,0,0,0,0,0,0,1
1058,1058,1,26,0,0,0,0,0,0,1
1059,1059,0,24,0,0,0,1,0,1,0
1060,1060,1,27,0,0,0,2,0,2,0
1061,1061,0,49,0,0,0,4,0,4,0
1062,1062,1,47,0,0,0,1,0,1,1
1063,1063,1,30,0,0,0,8,0,8,1
1064,1064,1,44,0,0,0,3,0,3,0
1065,1065,1,34,0,0,0,1,0,1,0
1066,1066,1,45,0,0,0,10,0,10,1
1067,1067,1,38,0,0,0,0,0,0,0
1068,1068,1,50,0,0,0,2,1,2,0
1069,1069,1,29,0,0,0,1,1,1,0
1070,1070,1,26,0,0,0,0,0,0,0
1071,1071,1,44,0,0,0,2,1,2,0
1072,1072,0,22,0,0,0,1,0,1,1
1073,1073,1,47,0,0,0,0,1,0,0
1074,1074,1,49,0,0,0,0,0,0,0
1075,1075,1,49,0,0,0,1,0,1,1
1076,1076,1,59,0,0,0,2,0,2,0
1077,1077,1,32,0,0,0,6,1,6,0
1078,1078,1,24,0,0,2,1,1,1,1
1079,1079,1,40,0,0,0,0,1,0,0
1080,1080,1,32,0,0,0,0,0,0,0
1081,1081,0,54,0,0,0,0,1,0,0
1082,1082,1,27,0,0,1,9,0,9,1
1083,1083,0,40,0,0,0,1,1,1,0
1084,1084,1,25,0,0,0,2,1,2,0
1085,1085,1,34,0,0,0,1,1,1,0
1086,1086,0,62,0,0,0,2,0,2,1
1087,1087,1,20,0,0,0,0,1,0,1
1088,1088,1,37,2,0,0,18,1,18,0
1089,1089,0,30,0,0,0,5,0,5,1
1090,1090,1,23,0,0,0,1,0,1,1
1091,1091,0,20,0,0,0,0,0,0,0
1092,1092,1,29,0,0,0,7,1,7,1
1093,1093,1,24,0,0,0,1,0,1,0
1094,1094,0,54,0,0,0,1,1,1,0
1095,1095,1,66,0,0,0,3,0,3,0
1096,1096,1,50,0,0,0,8,0,8,0
1097,1097,1,50,0,0,0,7,0,7,0
1098,1098,1,40,0,0,0,3,0,3,0
1099,1099,0,30,0,0,0,4,1,4,1
1100,1100,0,24,0,0,0,2,0,2,0
1101,1101,1,24,0,0,0,0,0,0,1
1102,1102,0,23,0,0,0,3,0,3,1
1103,1103,1,24,0,0,0,4,1,4,1
1104,1104,1,54,0,0,0,3,1,3,1
1105,1105,1,25,0,0,2,4,1,4,0
1106,1106,1,46,0,0,0,1,1,1,0
1107,1107,0,35,0,0,0,10,0,10,0
1108,1108,1,25,0,0,0,1,0,1,0
1109,1109,0,22,0,0,0,0,1,0,0
1110,1110,0,32,0,0,0,1,0,1,0
1111,1111,1,25,0,0,0,0,1,0,1
1112,1112,1,22,0,0,0,3,0,3,1
1113,1113,1,33,0,0,0,16,0,16,1
1114,1114,0,49,0,0,0,0,1,0,1
1115,1115,1,30,0,0,0,10,0,10,0
1116,1116,1,33,0,0,0,4,1,4,1
1117,1117,1,24,0,0,0,0,0,0,0
1118,1118,1,33,0,0,1,12,1,12,1
1119,1119,1,37,0,0,0,0,1,0,0
1120,1120,0,40,0,0,0,0,1,0,0
1121,1121,1,27,0,0,0,1,0,1,0
1122,1122,1,43,0,0,0,9,0,9,1
1123,1123,1,26,0,0,0,11,0,11,0
1124,1124,1,35,0,0,0,5,0,5,1
1125,1125,1,25,0,1,0,11,0,11,1
1126,1126,1,61,0,0,0,1,0,1,1
1127,1127,1,53,0,0,0,1,0,1,1
1128,1128,0,27,0,0,0,0,0,0,0
1129,1129,0,52,0,0,0,1,0,1,0
1130,1130,1,26,0,0,0,7,1,7,1
1131,1131,1,39,0,0,0,1,1,1,1
1132,1132,1,47,0,0,0,5,0,5,0
1133,1133,1,50,0,0,0,1,0,1,0
1134,1134,0,52,0,0,0,6,1,6,0
1135,1135,0,41,0,0,0,0,1,0,0
1136,1136,1,37,0,0,0,0,1,0,0
1137,1137,0,24,0,0,0,0,0,0,0
1138,1138,0,34,0,0,0,14,0,14,0
1139,1139,1,24,0,0,0,5,0,5,1
1140,1140,1,20,0,0,0,0,1,0,1
1141,1141,1,25,0,0,0,1,1,1,1
1142,1142,1,31,0,0,0,3,1,3,0
1143,1143,0,62,0,0,0,0,1,0,0
1144,1144,1,23,0,0,0,0,0,0,1
1145,1145,0,60,0,0,0,0,0,0,0
1146,1146,1,35,0,0,0,0,1,0,0
1147,1147,0,24,0,0,0,0,0,0,0
1148,1148,0,56,0,0,0,1,0,1,1
1149,1149,1,30,0,0,0,0,1,0,0
1150,1150,1,41,0,0,0,17,1,17,1
1151,1151,1,35,0,0,0,4,0,4,1
1152,1152,0,28,0,0,0,0,1,0,0
1153,1153,1,23,0,1,0,1,1,1,0
1154,1154,1,56,0,0,0,0,0,0,0
1155,1155,1,23,0,0,0,2,0,2,1
1156,1156,1,20,0,0,0,0,0,0,1
1157,1157,1,37,0,1,0,4,0,4,0
1158,1158,1,23,0,1,0,1,1,1,0
1159,1159,1,21,0,0,0,0,0,0,1
1160,1160,0,21,1,2,2,3,0,3,0
1161,1161,0,35,0,0,0,2,0,2,0
1162,1162,1,33,0,0,0,3,1,3,0
1163,1163,1,21,0,0,0,0,0,0,0
1164,1164,1,41,2,1,0,9,1,9,0
1165,1165,1,24,0,0,0,0,0,0,0
1166,1166,1,20,0,0,0,2,0,2,1
1167,1167,1,28,0,0,0,9,0,9,1
1168,1168,1,25,0,0,0,7,0,7,0
1169,1169,1,49,0,0,0,3,0,3,0
1170,1170,0,22,0,0,0,0,0,0,0
1171,1171,1,21,0,0,0,0,0,0,1
1172,1172,0,27,0,0,0,3,0,3,1
1173,1173,1,32,0,0,0,4,0,4,1
1174,1174,1,50,0,0,0,4,1,4,0
1175,1175,0,23,0,0,0,0,1,0,0
1176,1176,1,34,0,0,0,0,1,0,0
1177,1177,1,35,0,0,0,1,1,1,0
1178,1178,1,25,0,0,1,4,0,4,1
1179,1179,0,33,0,0,0,2,0,2,1
1180,1180,1,25,0,0,0,1,1,1,1
1181,1181,1,30,0,0,0,0,1,0,0
1182,1182,1,42,0,0,0,0,1,0,0
1183,1183,0,29,0,0,0,11,0,11,1
1184,1184,0,32,0,0,0,6,0,6,1
1185,1185,1,24,0,0,0,5,0,5,0
1186,1186,1,52,0,0,0,3,0,3,0
1187,1187,0,26,0,0,0,3,1,3,0
1188,1188,1,31,0,0,0,2,0,2,1
1189,1189,1,38,0,0,0,0,0,0,0
1190,1190,1,47,0,0,0,2,1,2,0
1191,1191,1,25,0,0,0,5,0,5,0
1192,1192,0,30,0,0,0,0,0,0,0
1193,1193,1,20,0,0,0,0,1,0,1
1194,1194,0,29,0,0,0,2,0,2,0
1195,1195,1,24,0,0,0,0,0,0,0
1196,1196,1,31,0,0,0,0,0,0,0
1197,1197,0,54,0,0,0,12,0,12,0
1198,1198,0,37,0,0,0,1,1,1,0
1199,1199,1,43,0,0,0,0,1,0,1
1200,1200,1,49,0,0,0,8,0,8,1
1201,1201,0,33,0,0,0,1,0,1,0
1202,1202,1,20,0,0,0,1,0,1,0
1203,1203,1,42,0,0,0,0,1,0,0
1204,1204,1,44,0,0,0,0,0,0,1
1205,1205,1,28,0,0,0,5,0,5,1
1206,1206,1,32,0,0,0,4,0,4,1
1207,1207,1,28,0,0,0,7,0,7,1
1208,1208,1,38,0,0,0,0,0,0,0
1209,1209,1,38,0,0,0,3,0,3,0
1210,1210,1,21,0,0,0,1,0,1,0
1211,1211,0,34,0,0,0,0,1,0,0
1212,1212,1,21,0,0,0,1,0,1,1
1213,1213,1,36,0,0,0,1,0,1,1
1214,1214,1,29,0,0,0,0,1,0,1
1215,1215,1,34,0,0,1,3,0,3,1
1216,1216,1,38,0,0,0,1,1,1,0
1217,1217,1,36,0,0,0,0,0,0,0
1218,1218,1,32,0,0,0,0,1,0,0
1219,1219,1,23,0,0,0,0,1,0,0
1220,1220,1,47,0,0,0,0,1,0,0
1221,1221,1,20,0,0,0,0,0,0,0
1222,1222,0,25,0,0,0,2,0,2,1
1223,1223,1,35,0,0,0,0,1,0,0
1224,1224,0,30,0,0,0,1,0,1,0
1225,1225,0,28,0,0,0,1,1,1,0
1226,1226,1,30,0,0,0,2,1,2,1
1227,1227,0,45,0,0,0,3,1,3,0
1228,1228,1,24,0,0,0,2,1,2,1
1229,1229,1,22,0,0,0,0,0,0,0
1230,1230,1,20,0,8,1,8,0,8,1
1231,1231,0,42,0,0,0,0,1,0,1
1232,1232,1,24,1,1,0,8,0,8,1
1233,1233,1,40,0,0,0,0,1,0,0
1234,1234,1,27,0,0,0,1,0,1,0
1235,1235,1,60,0,0,0,12,0,12,0
1236,1236,1,33,0,0,0,6,1,6,0
1237,1237,1,34,0,0,0,2,1,2,1
1238,1238,1,24,0,0,0,4,1,4,0
1239,1239,1,27,0,0,0,0,1,0,1
1240,1240,1,29,1,1,1,4,0,4,1
1241,1241,1,21,1,0,1,1,0,1,1
1242,1242,1,32,0,0,0,0,1,0,0
1243,1243,1,30,0,0,0,10,0,10,1
1244,1244,0,42,0,0,0,0,0,0,1
1245,1245,1,32,0,0,0,1,0,1,0
1246,1246,1,27,0,0,0,0,0,0,0
1247,1247,1,30,0,0,0,3,1,3,0
1248,1248,1,22,0,0,0,1,0,1,1
1249,1249,1,20,0,0,0,0,1,0,1
1250,1250,1,57,0,0,0,0,1,0,0
1251,1251,1,51,0,0,0,3,0,3,1
1252,1252,1,21,0,0,0,0,0,0,0
1253,1253,1,22,0,0,0,0,0,0,0
1254,1254,1,35,0,0,0,4,0,4,1
1255,1255,0,54,0,0,0,1,0,1,0
1256,1256,1,58,0,0,0,2,0,2,0
1257,1257,0,32,0,0,0,0,0,0,1
1258,1258,0,39,0,0,0,22,0,22,1
1259,1259,1,30,0,0,0,9,1,9,1
1260,1260,1,20,0,0,0,0,0,0,1
1261,1261,1,40,0,0,0,0,1,0,0
1262,1262,0,45,0,0,0,5,1,5,0
1263,1263,1,31,0,0,0,4,0,4,1
1264,1264,1,23,0,0,0,4,0,4,0
1265,1265,1,26,0,0,0,0,1,0,1
1266,1266,0,53,0,0,0,1,1,1,0
1267,1267,1,44,0,0,0,0,1,0,0
1268,1268,0,44,0,0,0,1,1,1,0
1269,1269,1,21,0,0,0,0,0,0,1
1270,1270,1,28,0,0,0,0,1,0,0
1271,1271,1,28,0,0,0,2,1,2,0
1272,1272,1,24,0,0,0,0,0,0,1
1273,1273,1,28,0,0,0,0,0,0,0
1274,1274,1,53,0,0,0,4,0,4,0
1275,1275,1,47,0,0,0,1,0,1,0
1276,1276,1,20,0,0,0,1,0,1,0
1277,1277,1,21,0,0,0,0,1,0,0
1278,1278,1,30,0,0,0,1,0,1,1
1279,1279,1,37,0,0,0,1,1,1,1
1280,1280,1,60,0,0,0,1,0,1,0
1281,1281,1,26,0,0,0,1,1,1,1
1282,1282,1,30,0,0,0,0,1,0,0
1283,1283,1,26,0,0,0,2,0,2,1
1284,1284,0,26,0,0,0,5,0,5,1
1285,1285,1,21,0,0,0,0,0,0,0
1286,1286,0,39,0,0,0,1,0,1,0
1287,1287,1,30,0,0,0,0,0,0,0
1288,1288,1,44,0,0,0,2,0,2,0
1289,1289,1,45,0,0,0,0,1,0,0
1290,1290,1,30,0,0,0,1,0,1,0
1291,1291,1,38,0,0,0,2,0,2,0
1292,1292,1,23,0,0,0,6,0,6,1
1293,1293,1,37,0,0,0,1,0,1,0
1294,1294,1,46,0,0,0,0,1,0,0
1295,1295,1,42,0,0,0,0,0,0,0
1296,1296,0,20,0,0,0,0,0,0,1
1297,1297,1,65,0,0,0,2,1,2,0
1298,1298,1,54,0,0,0,4,1,4,0
1299,1299,1,47,0,0,0,7,0,7,1
1300,1300,1,39,0,0,0,5,0,5,1
1301,1301,1,26,0,0,0,0,0,0,1
1302,1302,1,29,0,0,0,7,1,7,1
1303,1303,1,51,0,0,0,7,0,7,1
1304,1304,1,44,0,0,0,0,1,0,0
1305,1305,1,49,0,0,0,12,1,12,0
1306,1306,1,22,0,0,0,0,0,0,1
1307,1307,1,32,0,0,0,4,1,4,1
1308,1308,1,27,0,0,0,0,1,0,0
1309,1309,1,30,0,0,0,0,1,0,0
1310,1310,1,22,0,3,1,6,0,6,1
1311,1311,1,20,2,0,0,2,0,2,1
1312,1312,1,28,0,0,0,11,1,11,0
1313,1313,1,45,0,0,0,0,1,0,0
1314,1314,0,51,0,0,0,5,0,5,0
1315,1315,1,27,0,0,0,4,0,4,1
1316,1316,1,32,0,0,0,0,0,0,1
1317,1317,1,43,0,0,0,2,0,2,0
1318,1318,0,63,0,0,0,1,0,1,0
1319,1319,1,37,0,0,0,2,0,2,0
1320,1320,1,26,0,0,0,0,0,0,1
1321,1321,1,32,1,2,0,17,0,17,1
1322,1322,1,26,0,0,0,0,1,0,0
1323,1323,1,32,0,0,0,4,0,4,0
1324,1324,1,39,0,0,0,3,0,3,0
1325,1325,0,58,0,0,0,4,0,4,0
1326,1326,1,33,0,0,0,0,1,0,0
1327,1327,0,22,0,0,1,1,1,1,0
1328,1328,1,26,0,0,0,6,1,6,1
1329,1329,1,21,2,0,1,2,0,2,1
1330,1330,0,29,0,0,0,1,0,1,1
1331,1331,1,31,0,0,0,0,0,0,1
1332,1332,1,43,0,0,0,2,0,2,0
1333,1333,1,23,0,0,0,0,1,0,0
1334,1334,1,25,0,0,0,0,0,0,0
1335,1335,1,22,0,0,0,6,0,6,0
1336,1336,1,30,0,0,0,6,0,6,0
1337,1337,1,25,0,3,1,15,0,15,1
1338,1338,1,20,0,0,1,0,0,0,1
1339,1339,1,39,0,0,0,0,0,0,0
1340,1340,1,31,0,0,0,3,0,3,1
1341,1341,1,33,0,0,0,1,0,1,1
1342,1342,1,59,0,0,0,1,0,1,0
1343,1343,1,21,0,0,2,1,0,1,0
1344,1344,1,53,0,0,0,8,0,8,1
1345,1345,1,34,0,0,0,2,1,2,0
1346,1346,1,36,0,0,0,6,0,6,0
1347,1347,1,23,0,0,0,0,0,0,0
1348,1348,1,32,0,0,0,2,1,2,0
1349,1349,1,32,0,0,0,11,1,11,1
1350,1350,0,66,0,0,0,1,1,1,0
1351,1351,1,66,0,0,0,0,1,0,0
1352,1352,0,24,0,0,0,0,1,0,0
1353,1353,1,30,0,0,0,7,0,7,1
1354,1354,1,28,0,0,0,1,1,1,0
1355,1355,1,43,0,0,0,4,0,4,1
1356,1356,1,35,0,0,0,3,1,3,0
1357,1357,1,19,3,0,0,2,0,2,1
1358,1358,1,33,0,0,0,0,0,0,1
1359,1359,1,22,0,0,0,1,1,1,1
1360,1360,1,29,0,0,0,0,0,0,0
1361,1361,0,23,0,0,0,0,1,0,0
1362,1362,1,62,0,0,0,15,0,15,0
1363,1363,0,33,0,0,0,0,1,0,0
1364,1364,1,35,0,0,0,1,1,1,0
1365,1365,1,53,0,0,0,0,0,0,0
1366,1366,1,59,0,0,0,17,0,17,1
1367,1367,0,48,0,0,0,0,1,0,0
1368,1368,0,33,0,0,0,1,0,1,0
1369,1369,1,44,0,0,0,0,1,0,0
1370,1370,1,31,0,0,0,10,0,10,1
1371,1371,1,28,0,0,1,2,0,2,1
1372,1372,1,56,0,0,0,9,0,9,0
1373,1373,1,51,0,0,0,1,0,1,0
1374,1374,1,23,0,0,0,0,0,0,1
1375,1375,1,21,0,0,0,0,0,0,0
1376,1376,1,26,0,0,0,0,0,0,0
1377,1377,1,22,0,3,0,3,0,3,0
1378,1378,1,29,0,0,0,0,1,0,0
1379,1379,1,20,0,1,1,2,0,2,1
1380,1380,1,44,0,0,0,0,1,0,0
1381,1381,1,41,0,0,0,2,0,2,0
1382,1382,0,28,0,0,1,4,0,4,0
1383,1383,1,27,0,0,0,1,1,1,1
1384,1384,1,31,0,0,0,7,1,7,0
1385,1385,1,23,0,0,0,5,0,5,1
1386,1386,1,33,0,0,0,16,1,16,1
1387,1387,1,26,0,0,0,3,0,3,1
1388,1388,1,20,0,0,2,0,0,0,0
1389,1389,1,55,0,0,0,2,1,2,1
1390,1390,1,36,0,0,0,0,0,0,0
1391,1391,1,48,0,0,0,4,0,4,1
1392,1392,1,22,0,0,0,5,0,5,1
1393,1393,1,23,1,0,0,1,1,1,0
1394,1394,1,34,0,2,1,19,0,19,1
1395,1395,0,59,0,0,0,1,0,1,0
1396,1396,1,37,0,0,0,0,0,0,1
1397,1397,0,28,0,0,0,0,0,0,1
1398,1398,1,20,1,0,1,1,0,1,1
1399,1399,1,31,0,0,0,0,0,0,0
1400,1400,0,38,0,0,0,14,0,14,1
1401,1401,1,33,0,0,0,0,0,0,1
1402,1402,1,27,0,0,0,3,0,3,1
1403,1403,1,25,0,0,0,2,1,2,1
1404,1404,0,42,0,0,0,2,0,2,0
1405,1405,1,22,0,0,0,3,0,3,1
1406,1406,1,21,0,0,0,0,0,0,0
1407,1407,1,57,0,0,0,15,0,15,0
1408,1408,1,45,0,0,0,1,0,1,1
1409,1409,0,21,0,0,0,1,1,1,1
1410,1410,1,52,0,0,0,2,1,2,0
1411,1411,1,29,0,0,0,0,1,0,0
1412,1412,0,37,0,0,0,0,1,0,0
1413,1413,1,34,0,0,1,0,0,0,0
1414,1414,1,53,0,0,0,0,1,0,1
1415,1415,0,30,0,0,0,8,0,8,1
1416,1416,1,35,0,0,0,0,1,0,0
1417,1417,1,28,0,0,0,1,0,1,0
1418,1418,1,21,0,0,0,1,0,1,0
1419,1419,1,22,0,0,0,1,0,1,0
1420,1420,1,42,0,0,0,1,1,1,1
1421,1421,1,26,0,0,0,3,0,3,1
1422,1422,1,54,0,0,0,9,1,9,0
1423,1423,1,39,0,0,0,1,0,1,1
1424,1424,1,30,2,0,0,20,0,20,1
1425,1425,0,26,0,0,0,1,0,1,1
1426,1426,1,41,0,0,0,0,1,0,0
1427,1427,1,23,1,0,1,5,1,5,1
1428,1428,1,43,0,0,0,1,0,1,1
1429,1429,1,22,0,0,0,0,1,0,1
1430,1430,1,42,0,0,0,3,1,3,0
1431,1431,0,27,0,0,0,6,0,6,1
1432,1432,0,42,0,0,0,2,1,2,0
1433,1433,1,25,0,0,0,8,0,8,1
1434,1434,1,49,0,0,0,4,1,4,0
1435,1435,1,26,1,0,0,7,0,7,1
1436,1436,1,52,0,0,0,1,0,1,0
1437,1437,0,60,0,0,0,2,0,2,0
1438,1438,0,23,0,0,0,0,1,0,0
1439,1439,1,30,0,0,0,2,1,2,0
1440,1440,1,48,0,0,0,9,0,9,1
1441,1441,1,32,0,0,0,2,0,2,1
