,sex,age,race,juv_fel_count,juv_misd_count,juv_other_count,priors_count,c_charge_degree,priors_count.1,two_year_recid
0,1,69,1,0,0,0,0,0,0,0
1,1,34,1,0,0,0,0,0,0,1
2,1,24,1,0,0,1,4,0,4,1
3,1,23,1,0,1,0,1,0,1,0
4,1,43,1,0,0,0,2,0,2,0
5,1,44,1,0,0,0,0,1,0,0
6,1,41,0,0,0,0,14,0,14,1
7,1,43,1,0,0,0,3,0,3,0
8,0,39,0,0,0,0,0,1,0,0
9,1,21,0,0,0,0,1,0,1,1
10,1,27,0,0,0,0,0,0,0,0
11,1,23,1,0,0,0,3,1,3,1
12,0,37,0,0,0,0,0,1,0,0
13,1,41,1,0,0,0,0,0,0,0
14,0,47,0,0,0,0,1,0,1,1
15,1,31,1,0,0,0,7,0,7,1
16,1,37,1,0,0,0,0,1,0,0
17,1,25,1,0,0,0,3,0,3,0
18,1,31,0,0,0,0,6,0,6,1
19,1,31,0,0,0,0,5,0,5,1
20,1,64,1,0,0,0,13,0,13,1
21,1,21,1,0,0,0,1,0,1,1
22,1,27,0,0,0,0,0,1,0,1
23,0,21,0,0,0,0,0,0,0,0
24,1,24,1,0,0,0,1,0,1,1
25,1,43,0,0,0,0,1,1,1,0
26,1,32,1,0,0,0,0,1,0,0
27,1,27,1,0,0,0,8,0,8,1
28,0,36,0,0,0,0,3,0,3,0
29,1,26,1,0,0,1,5,0,5,1
30,1,33,1,0,0,0,0,0,0,1
31,1,30,0,0,0,0,9,0,9,1
32,1,32,1,0,0,0,4,0,4,1
33,1,55,0,0,0,0,0,0,0,0
34,1,49,1,0,0,0,7,0,7,1
35,1,26,0,0,0,2,6,1,6,0
36,0,33,0,0,0,0,4,1,4,1
37,1,24,0,0,0,0,1,1,1,1
38,1,34,1,2,1,3,21,0,21,1
39,1,29,0,0,0,0,0,1,0,0
40,0,21,1,0,0,0,2,0,2,0
41,1,51,1,0,0,0,2,1,2,0
42,1,29,0,0,0,0,2,1,2,1
43,0,51,1,0,0,0,7,0,7,0
44,1,29,1,0,0,0,0,0,0,1
45,1,25,0,0,0,0,9,1,9,1
46,1,35,1,1,0,4,13,0,13,1
47,1,49,0,0,0,0,0,1,0,0
48,1,34,1,0,0,0,4,1,4,1
49,1,29,1,0,0,0,0,0,0,0
50,1,29,0,0,0,0,1,0,1,1
51,0,28,1,0,0,0,0,0,0,0
52,1,48,0,0,0,0,20,0,20,1
53,0,63,1,0,0,0,1,0,1,0
54,1,31,1,0,0,1,15,0,15,0
55,1,24,1,0,0,0,2,0,2,1
56,1,30,1,0,0,0,0,1,0,0
57,1,49,1,0,0,0,4,1,4,0
58,1,53,0,0,0,0,8,0,8,0
59,1,35,1,0,0,0,5,0,5,0
60,1,63,1,0,0,0,10,1,10,1
61,1,27,1,1,1,2,15,0,15,1
62,1,38,0,0,0,0,4,1,4,1
63,1,22,1,0,0,1,1,0,1,1
64,1,22,1,0,1,2,2,0,2,1
65,1,29,1,0,0,0,4,0,4,1
66,1,62,1,0,0,0,0,1,0,0
67,1,27,1,0,1,0,6,0,6,1
68,1,33,1,0,0,0,0,1,0,0
69,0,56,1,0,0,0,0,1,0,0
70,1,45,1,0,0,0,6,0,6,1
71,1,22,1,0,0,0,1,0,1,0
72,1,39,1,0,0,0,1,1,1,0
73,1,29,1,0,0,0,5,0,5,1
74,1,27,0,0,0,1,1,0,1,1
75,1,40,1,0,0,0,2,0,2,0
76,1,22,1,0,0,0,1,1,1,1
77,1,22,0,0,0,0,0,0,0,0
78,0,26,1,0,0,0,1,0,1,1
79,1,27,0,0,0,0,1,0,1,1
80,1,32,1,0,0,0,0,0,0,0
81,1,41,1,0,0,0,1,1,1,0
82,1,30,1,0,0,0,8,1,8,1
83,1,50,1,0,0,0,0,0,0,1
84,1,25,1,1,6,1,14,0,14,1
85,1,20,1,0,0,0,0,0,0,1
86,1,22,1,1,0,0,2,0,2,1
87,1,23,1,0,0,1,2,1,2,1
88,0,35,1,0,0,0,1,1,1,0
89,1,36,1,0,0,0,9,0,9,1
90,1,26,0,0,0,0,7,0,7,1
91,1,21,1,0,0,0,1,0,1,1
92,1,25,0,0,0,0,9,0,9,1
93,1,71,1,0,0,0,12,1,12,0
94,0,20,0,0,0,0,0,0,0,0
95,1,39,0,0,0,0,2,0,2,1
96,1,66,0,0,0,0,3,0,3,0
97,0,54,0,0,0,0,0,1,0,0
98,0,44,1,0,0,0,0,1,0,0
99,1,19,1,0,0,0,1,1,1,1
100,1,24,1,0,0,0,1,0,1,0
101,1,30,1,0,0,0,1,0,1,0
102,0,39,0,0,0,0,0,0,0,1
103,1,24,0,0,1,2,8,0,8,1
104,1,30,0,0,0,0,0,0,0,0
105,1,31,0,0,0,0,0,1,0,0
106,0,39,0,0,0,0,1,0,1,0
107,1,59,1,0,0,0,14,0,14,1
108,1,43,0,0,0,0,1,0,1,0
109,1,21,1,0,0,0,3,0,3,1
110,1,38,0,0,0,0,5,1,5,1
111,1,34,0,0,0,0,0,0,0,0
112,1,33,1,0,0,0,5,0,5,1
113,1,37,1,0,0,0,3,0,3,0
114,1,42,0,0,0,0,1,0,1,1
115,1,41,1,0,1,0,10,0,10,1
116,1,22,1,0,0,0,0,0,0,1
117,1,33,1,0,12,2,28,0,28,1
118,1,31,1,0,0,0,1,1,1,0
119,0,30,1,0,0,0,1,0,1,0
120,1,31,0,0,0,0,13,0,13,1
121,1,27,1,0,0,0,3,0,3,1
122,1,56,1,0,0,0,8,0,8,0
123,1,52,0,0,0,0,3,1,3,0
124,1,33,1,0,0,0,19,0,19,1
125,0,64,0,0,0,0,2,1,2,0
126,1,22,0,0,0,0,4,0,4,1
127,1,42,0,0,0,0,6,0,6,0
128,0,25,0,0,0,0,2,0,2,0
129,1,30,0,0,0,0,1,1,1,0
130,1,28,0,0,0,0,2,0,2,0
131,0,37,1,0,0,0,2,1,2,0
132,1,28,0,0,0,0,0,1,0,1
133,0,24,1,0,0,0,0,1,0,0
134,0,29,0,0,1,0,10,0,10,1
135,1,44,0,0,0,0,2,1,2,1
136,0,30,1,0,0,0,4,0,4,1
137,1,32,1,0,0,0,3,0,3,1
138,1,31,0,0,0,0,2,1,2,1
139,1,31,1,0,0,0,1,1,1,0
140,1,59,0,0,0,0,1,0,1,1
141,0,45,0,0,0,0,4,0,4,0
142,0,20,1,1,0,0,1,0,1,0
143,0,43,0,0,0,0,0,1,0,0
144,1,38,1,1,1,0,9,0,9,1
145,1,32,1,0,0,0,11,0,11,1
146,1,33,1,0,0,0,8,1,8,1
147,0,31,1,0,0,0,0,0,0,1
148,0,33,1,0,0,0,7,0,7,1
149,1,27,1,0,0,0,2,0,2,1
150,0,20,1,0,0,0,0,0,0,0
151,0,26,0,0,0,0,0,1,0,0
152,0,61,1,0,0,0,1,0,1,1
153,1,52,1,0,0,0,13,0,13,1
154,1,63,1,0,0,0,1,0,1,0
155,0,32,1,0,0,0,4,0,4,1
156,1,29,1,0,0,0,1,0,1,0
157,0,46,1,0,0,0,1,0,1,0
158,0,26,1,0,0,0,2,1,2,1
159,1,55,1,0,0,0,3,1,3,0
160,1,39,0,1,0,0,1,1,1,0
161,0,30,0,0,0,0,3,0,3,1
162,1,30,1,0,0,0,1,0,1,0
163,1,48,0,0,0,0,2,1,2,0
164,1,22,1,0,0,0,1,0,1,0
165,1,46,0,0,0,0,6,0,6,1
166,0,49,0,0,0,0,6,0,6,0
167,1,31,0,0,0,0,0,0,0,0
168,1,25,1,0,0,0,1,1,1,1
169,1,23,1,0,0,0,0,0,0,0
170,0,32,1,0,0,0,5,0,5,0
171,1,52,1,0,0,0,2,1,2,0
172,1,62,1,0,0,0,8,0,8,0
173,0,37,0,0,0,0,6,0,6,0
174,1,55,0,0,0,0,1,0,1,0
175,1,31,1,0,0,0,8,0,8,1
176,1,28,1,0,0,0,6,1,6,1
177,1,54,1,0,0,0,2,0,2,0
178,1,58,1,0,0,0,0,0,0,0
179,1,78,0,0,0,0,1,1,1,1
180,1,56,0,0,0,0,0,0,0,0
181,1,24,1,0,0,0,0,0,0,0
182,1,38,1,2,2,1,22,0,22,1
183,1,22,1,0,0,0,1,0,1,1
184,1,47,1,0,0,0,23,1,23,1
185,1,23,1,0,0,0,0,1,0,1
186,1,57,1,0,0,0,1,0,1,0
187,0,38,0,0,0,0,2,0,2,1
188,1,66,1,0,0,0,3,0,3,0
189,1,45,0,0,0,0,8,1,8,1
190,0,52,1,0,0,0,0,1,0,1
191,1,32,1,0,0,0,13,0,13,1
192,1,37,1,0,0,0,2,1,2,1
193,1,39,0,0,0,0,0,0,0,1
194,1,26,1,0,0,0,9,0,9,1
195,1,45,0,0,0,0,2,0,2,0
196,1,23,1,0,0,0,0,0,0,1
197,1,34,1,0,0,0,2,1,2,0
198,0,23,1,0,0,0,1,1,1,0
199,1,36,1,0,0,0,2,1,2,1
200,1,50,0,0,0,0,1,0,1,0
201,0,37,0,0,0,0,0,1,0,0
202,1,44,0,0,0,0,4,1,4,0
203,0,35,1,0,1,0,23,0,23,1
204,1,24,1,0,0,0,5,0,5,1
205,1,26,1,0,0,0,2,0,2,1
206,1,27,1,0,0,0,0,1,0,0
207,0,28,1,0,0,0,0,0,0,0
208,1,43,0,0,0,0,11,0,11,1
209,0,28,0,0,0,0,7,0,7,1
210,1,38,1,0,0,0,2,0,2,0
211,1,27,0,0,0,0,2,1,2,0
212,0,28,1,0,0,0,1,0,1,0
213,1,56,0,0,0,0,7,0,7,1
214,1,38,1,0,0,0,15,0,15,0
215,1,28,1,0,0,0,2,1,2,0
216,1,45,1,0,0,0,3,0,3,0
217,1,28,1,0,0,0,0,1,0,0
218,1,61,0,0,0,0,1,0,1,0
219,0,51,0,0,0,0,0,1,0,1
220,1,51,0,0,0,0,0,1,0,0
221,1,36,1,0,0,0,1,1,1,1
222,1,48,1,0,0,0,0,0,0,0
223,1,37,0,0,0,0,4,0,4,1
224,0,30,1,0,0,0,2,0,2,0
225,0,41,1,0,0,0,5,1,5,0
226,1,27,1,0,0,0,11,0,11,1
227,1,37,1,0,0,0,0,1,0,0
228,1,33,1,0,0,0,4,0,4,1
229,1,54,1,0,0,0,11,0,11,0
230,1,23,1,0,0,0,2,0,2,0
231,0,26,1,0,0,0,2,0,2,1
232,1,41,1,0,0,0,0,1,0,0
233,1,52,0,0,0,0,0,0,0,0
234,1,43,0,0,0,0,13,0,13,1
235,1,52,1,0,0,0,0,0,0,0
236,1,28,0,0,0,0,1,0,1,0
237,1,30,1,0,0,2,11,1,11,1
238,1,28,0,0,0,0,1,0,1,0
239,1,22,1,0,0,0,0,0,0,0
240,1,30,1,0,0,0,4,0,4,0
241,1,25,1,0,0,0,4,0,4,0
242,1,31,0,0,0,0,0,0,0,1
243,1,37,0,0,0,0,0,0,0,1
244,1,32,1,0,1,0,14,0,14,0
245,1,26,1,0,1,0,4,1,4,0
246,1,53,0,0,0,0,1,1,1,0
247,1,28,1,0,0,0,25,0,25,1
248,1,44,0,0,0,0,8,1,8,1
249,1,25,1,0,0,0,0,0,0,0
250,1,22,0,0,0,1,1,1,1,1
251,0,37,1,0,0,0,0,1,0,0
252,0,40,1,0,0,0,3,0,3,0
253,1,36,0,0,0,0,8,0,8,1
254,1,30,0,0,0,0,4,0,4,0
255,1,22,1,0,0,0,3,1,3,1
256,0,24,0,0,0,0,1,1,1,1
257,1,27,1,0,0,0,3,1,3,1
258,0,31,1,0,0,0,0,1,0,0
259,1,23,1,0,0,1,1,0,1,1
260,0,23,0,0,0,4,5,0,5,1
261,1,24,1,0,0,0,0,1,0,0
262,1,29,1,0,0,0,1,1,1,0
263,1,20,1,0,0,0,1,0,1,1
264,1,30,1,0,0,0,2,0,2,1
265,1,39,1,0,0,0,0,0,0,0
266,1,27,1,0,0,0,4,0,4,0
267,1,31,0,0,0,0,2,1,2,0
268,0,37,1,0,0,0,2,0,2,0
269,1,20,1,0,0,0,0,0,0,0
270,1,22,1,0,0,1,0,0,0,0
271,0,52,1,0,0,0,0,0,0,0
272,0,23,1,0,0,0,0,0,0,1
273,0,48,1,0,0,0,0,0,0,0
274,1,66,1,0,0,0,8,0,8,1
275,1,25,0,0,0,0,0,0,0,0
276,1,27,0,0,0,0,0,0,0,1
277,1,30,1,0,0,0,11,0,11,1
278,1,22,1,0,1,1,3,1,3,1
279,0,22,0,0,0,0,1,0,1,0
280,1,35,1,0,0,0,2,0,2,0
281,1,32,0,0,0,0,2,0,2,0
282,0,41,1,0,0,0,2,1,2,0
283,0,25,1,0,0,0,0,0,0,0
284,1,44,1,0,0,0,24,1,24,0
285,1,52,1,0,0,0,3,0,3,1
286,1,43,1,0,0,0,0,0,0,0
287,1,37,0,0,0,0,3,0,3,0
288,1,28,1,0,0,0,3,1,3,1
289,1,70,0,0,0,0,1,1,1,0
290,1,54,0,0,0,0,6,0,6,1
291,1,46,0,0,0,0,3,0,3,0
292,1,21,1,0,0,0,0,1,0,1
293,1,26,1,0,0,0,1,1,1,1
294,1,38,1,0,0,0,3,0,3,1
295,1,34,0,0,0,0,5,1,5,0
296,1,19,1,0,0,0,1,0,1,1
297,1,34,1,0,0,0,5,1,5,0
298,1,23,0,0,0,0,0,0,0,1
299,1,34,1,0,0,0,5,0,5,1
300,1,30,1,0,0,0,2,0,2,0
301,1,39,1,0,0,0,6,0,6,1
302,1,24,1,0,0,0,0,0,0,0
303,1,33,0,0,0,0,1,1,1,1
304,1,58,0,0,0,0,2,0,2,0
305,0,21,1,0,0,0,0,1,0,0
306,1,21,1,0,0,0,1,0,1,0
307,1,23,1,0,0,1,4,1,4,1
308,1,62,0,0,0,0,0,0,0,0
309,1,27,1,1,0,1,4,1,4,1
310,1,37,0,0,0,0,5,0,5,0
311,1,43,1,0,0,0,2,0,2,1
312,0,32,1,0,0,0,5,0,5,0
313,1,23,1,0,0,0,0,0,0,0
314,1,27,1,0,0,0,0,1,0,0
315,1,44,0,0,0,0,0,1,0,1
316,1,28,0,0,0,0,3,1,3,1
317,0,42,0,0,0,0,0,0,0,0
318,1,24,1,0,1,0,9,0,9,1
319,1,27,1,0,0,0,0,0,0,0
320,1,20,1,0,0,0,0,0,0,1
321,0,51,0,0,0,0,0,1,0,0
322,1,56,0,0,0,0,0,1,0,0
323,1,29,1,0,0,0,7,0,7,0
324,1,20,1,0,0,0,0,0,0,1
325,1,53,0,0,0,0,6,0,6,0
326,1,27,0,0,0,0,8,0,8,0
327,1,24,1,0,1,0,2,0,2,1
328,1,53,0,0,0,0,36,0,36,1
329,1,28,0,0,0,0,2,1,2,1
330,1,45,1,0,0,0,1,0,1,0
331,1,21,1,0,1,0,3,0,3,0
332,0,36,1,0,0,0,0,0,0,0
333,0,25,0,0,0,0,2,1,2,1
334,0,23,1,0,0,0,1,1,1,0
335,1,28,0,0,0,0,1,0,1,0
336,0,21,1,0,0,0,0,0,0,1
337,1,36,0,0,0,0,0,1,0,0
338,1,24,1,0,0,0,0,0,0,0
339,1,28,1,0,0,0,3,0,3,1
340,1,30,1,0,0,0,1,0,1,1
341,1,29,1,0,0,0,0,0,0,0
342,0,30,0,0,0,0,0,1,0,0
343,1,51,1,0,0,0,1,1,1,0
344,1,33,1,0,0,0,3,0,3,0
345,0,25,1,0,0,0,2,0,2,0
346,1,32,1,0,1,0,12,0,12,1
347,1,23,1,0,0,1,1,0,1,0
348,1,47,1,0,0,0,3,0,3,0
349,0,32,1,0,0,0,1,0,1,1
350,1,37,0,0,0,0,0,0,0,0
351,1,19,1,0,2,0,2,0,2,1
352,1,27,1,0,0,0,0,1,0,0
353,1,39,1,0,0,0,0,1,0,0
354,0,21,0,0,0,2,0,0,0,0
355,1,69,0,0,0,0,0,1,0,0
356,1,21,0,0,0,0,2,0,2,0
357,1,26,1,0,0,1,6,1,6,1
358,1,22,0,0,0,0,0,0,0,0
359,0,23,1,0,0,0,0,0,0,1
360,1,49,1,0,0,0,3,0,3,0
361,1,29,1,0,0,1,2,1,2,0
362,0,60,0,0,0,0,0,1,0,0
363,0,26,1,0,0,0,0,1,0,0
364,1,23,1,2,0,0,3,0,3,1
365,1,34,1,0,0,0,2,1,2,1
366,0,20,1,1,0,0,1,0,1,0
367,1,36,1,0,0,0,1,0,1,0
368,1,30,0,0,0,0,0,0,0,0
369,1,21,1,0,1,0,1,0,1,0
370,1,22,0,0,0,0,2,1,2,1
371,1,57,1,0,0,0,18,0,18,0
372,1,21,1,0,0,0,4,0,4,1
373,1,21,1,0,0,0,0,0,0,1
374,1,34,0,0,0,0,1,1,1,0
375,0,50,0,0,0,0,1,1,1,1
376,1,40,0,0,0,0,0,0,0,1
377,1,25,1,0,0,0,7,0,7,1
378,0,53,0,0,0,0,1,1,1,0
379,0,24,1,0,0,0,0,0,0,0
380,1,42,1,0,0,0,1,0,1,0
381,1,28,1,0,0,0,1,1,1,0
382,1,24,0,0,0,0,1,1,1,0
383,1,26,1,1,1,0,6,0,6,1
384,1,22,1,0,0,0,4,0,4,1
385,1,21,0,0,0,0,3,1,3,0
386,1,37,1,0,0,0,23,0,23,1
387,1,35,1,0,0,0,2,0,2,0
388,1,53,1,0,0,0,2,0,2,0
389,1,60,1,0,0,0,1,0,1,0
390,1,29,1,0,0,0,7,0,7,0
391,1,48,0,1,0,0,23,0,23,1
392,0,52,0,0,0,0,0,1,0,0
393,1,27,1,0,0,0,12,0,12,1
394,1,28,1,0,0,0,5,0,5,0
395,1,33,0,0,0,0,3,1,3,0
396,0,28,1,0,0,0,0,0,0,0
397,1,47,0,0,0,0,5,0,5,1
398,1,36,1,0,0,0,14,0,14,1
399,1,29,1,1,0,0,2,0,2,0
400,1,22,1,0,0,1,0,1,0,1
401,1,26,1,0,0,2,6,0,6,0
402,1,25,0,0,0,0,0,0,0,0
403,1,68,0,0,0,0,2,0,2,0
404,1,56,1,0,0,0,5,0,5,0
405,1,27,1,0,0,0,9,0,9,1
406,1,52,0,0,0,0,4,0,4,1
407,1,32,1,0,0,0,3,0,3,0
408,1,60,1,0,0,0,4,0,4,0
409,1,23,1,0,0,0,1,1,1,0
410,0,39,0,0,0,0,0,1,0,0
411,1,56,0,0,0,0,0,1,0,0
412,0,22,1,0,0,0,0,0,0,0
413,0,27,1,0,0,0,1,0,1,1
414,1,53,1,0,0,0,11,0,11,0
415,1,25,0,0,0,0,0,1,0,1
416,1,21,1,0,0,0,0,1,0,0
417,1,22,0,0,0,0,0,0,0,0
418,0,58,0,0,0,0,2,1,2,0
419,1,31,1,0,0,0,7,1,7,1
420,1,22,0,0,0,0,1,0,1,1
421,1,28,1,0,0,0,8,0,8,1
422,1,42,1,0,0,0,1,0,1,0
423,1,20,1,0,0,0,0,0,0,1
424,1,29,0,0,0,0,0,1,0,1
425,1,29,1,0,0,0,8,0,8,0
426,1,58,1,0,0,0,21,1,21,1
427,1,22,1,0,0,0,3,0,3,0
428,1,48,1,0,0,0,1,1,1,1
429,1,37,0,0,0,0,0,0,0,0
430,1,57,1,0,0,0,1,0,1,1
431,1,27,0,0,0,0,3,1,3,0
432,1,26,1,0,0,0,3,0,3,0
433,1,24,0,0,1,1,3,0,3,1
434,1,33,0,0,0,0,0,0,0,0
435,1,29,1,0,0,0,2,0,2,0
436,0,24,1,0,0,0,3,0,3,1
437,1,19,0,0,0,1,1,0,1,1
438,1,36,0,0,0,0,2,1,2,0
439,0,24,0,0,0,0,0,0,0,0
440,1,34,0,0,0,0,0,1,0,0
441,1,25,1,0,0,0,2,0,2,1
442,1,20,1,1,0,1,1,0,1,1
443,1,28,1,0,0,0,2,1,2,1
444,1,24,1,0,0,0,1,1,1,1
445,1,61,0,0,0,0,4,0,4,0
446,0,50,1,0,0,0,3,0,3,0
447,1,30,1,0,0,0,1,1,1,0
448,1,38,1,0,0,0,5,0,5,0
449,1,24,0,0,0,0,0,1,0,0
450,1,45,1,0,0,0,16,0,16,0
451,0,46,1,0,0,0,2,0,2,1
452,1,41,0,0,0,0,0,1,0,1
453,1,20,1,0,0,1,0,0,0,1
454,1,27,1,0,0,0,13,1,13,1
455,0,51,1,0,0,0,16,0,16,0
456,1,26,1,0,0,0,1,1,1,1
457,1,29,1,0,0,0,3,0,3,1
458,1,52,0,0,0,0,6,0,6,1
459,1,28,0,0,0,0,1,0,1,1
460,0,34,1,0,0,0,4,0,4,1
461,1,55,1,0,0,0,5,0,5,1
462,1,26,1,1,1,0,10,0,10,1
463,1,28,1,0,0,0,5,0,5,0
464,1,63,0,0,0,0,2,0,2,0
465,1,42,1,0,0,0,0,0,0,0
466,1,23,1,1,2,2,6,0,6,0
467,1,54,1,0,0,0,28,0,28,1
468,1,35,1,0,0,1,8,0,8,1
469,0,24,1,1,0,0,6,0,6,1
470,1,54,1,0,0,0,2,1,2,0
471,1,58,1,0,0,0,12,1,12,1
472,1,23,0,0,0,1,1,1,1,1
473,1,35,1,0,0,0,1,1,1,0
474,1,20,1,0,0,0,1,0,1,1
475,1,51,0,0,0,0,0,0,0,0
476,1,24,1,0,0,0,0,0,0,0
477,1,37,0,0,0,0,3,0,3,0
478,1,47,0,0,0,0,3,0,3,0
479,1,34,0,0,0,0,4,0,4,1
480,1,56,0,0,0,0,0,0,0,0
481,1,34,1,0,0,0,4,0,4,1
482,1,59,0,0,0,0,1,0,1,1
483,1,35,1,0,0,0,0,0,0,0
484,1,58,1,0,0,0,1,0,1,0
485,1,29,1,0,0,0,2,1,2,0
486,0,24,0,0,0,1,6,0,6,1
487,1,21,0,0,0,4,2,1,2,1
488,1,26,1,0,0,0,2,1,2,0
489,1,50,1,0,0,0,5,0,5,1
490,1,26,1,0,0,0,1,0,1,0
491,0,30,0,0,0,0,0,1,0,0
492,1,29,0,0,0,0,6,0,6,1
493,1,29,0,0,0,0,0,1,0,1
494,1,54,1,0,0,0,0,1,0,0
495,1,29,1,0,0,0,4,0,4,1
496,0,59,0,0,0,0,0,1,0,0
497,1,38,1,0,0,0,0,0,0,0
498,0,22,1,0,0,0,2,0,2,1
499,1,29,1,0,0,0,4,0,4,1
500,1,27,0,0,0,0,1,1,1,1
501,1,26,1,0,0,0,7,0,7,1
502,1,52,1,0,0,0,20,0,20,0
503,1,66,1,0,0,0,33,0,33,1
504,1,27,0,0,0,0,2,0,2,0
505,1,51,0,0,0,0,1,1,1,0
506,1,35,0,0,0,0,1,0,1,0
507,1,26,1,0,0,0,1,0,1,0
508,1,52,0,0,0,0,4,1,4,0
509,0,35,1,0,0,0,12,1,12,0
510,1,48,1,0,0,0,12,0,12,0
511,0,26,1,0,0,0,0,1,0,0
512,0,48,0,0,0,0,0,1,0,0
513,1,30,1,0,0,0,7,1,7,0
514,1,28,1,0,0,0,2,1,2,0
515,1,33,1,0,0,0,2,1,2,0
516,0,34,1,0,0,0,6,0,6,0
517,1,25,1,0,0,0,0,1,0,0
518,1,59,1,0,0,0,10,0,10,1
519,1,29,1,0,0,0,5,0,5,1
520,1,24,0,0,0,0,0,0,0,0
521,1,48,0,0,0,0,1,0,1,1
522,1,55,1,0,0,0,0,1,0,1
523,1,52,1,0,0,0,4,1,4,0
524,1,20,1,0,0,0,0,0,0,1
525,1,25,0,0,0,0,4,0,4,1
526,1,24,0,0,0,0,0,0,0,0
527,1,23,0,0,0,0,0,1,0,0
528,1,27,0,0,1,3,6,0,6,0
529,1,25,1,0,1,0,1,1,1,1
530,1,31,1,0,0,0,0,0,0,0
531,1,25,1,0,1,0,6,0,6,1
532,1,32,0,0,0,0,1,0,1,1
533,1,21,0,0,0,0,0,0,0,1
534,1,37,1,0,0,0,1,0,1,0
535,1,25,0,0,0,0,0,0,0,0
536,1,32,1,1,1,0,20,0,20,0
537,1,35,1,0,0,0,0,0,0,0
538,1,42,1,0,0,0,14,0,14,1
539,1,24,0,0,0,1,9,1,9,1
540,1,22,0,1,0,4,6,0,6,1
541,1,21,1,0,0,0,0,0,0,1
542,1,47,0,0,0,0,1,1,1,0
543,1,27,1,0,0,0,5,0,5,1
544,1,43,1,0,0,0,2,1,2,1
545,1,46,0,0,0,0,2,0,2,1
546,1,44,1,0,0,0,1,1,1,0
547,1,27,1,0,0,0,0,0,0,0
548,1,23,0,0,0,0,2,0,2,0
549,0,50,1,0,0,0,1,0,1,0
550,1,42,1,0,0,0,8,0,8,0
551,1,58,1,0,0,0,6,0,6,0
552,1,26,1,0,0,1,3,0,3,0
553,0,48,1,0,0,0,0,0,0,0
554,1,39,1,0,0,0,3,0,3,1
555,1,21,1,0,2,0,3,0,3,1
556,1,63,0,0,0,0,1,1,1,0
557,1,22,1,0,1,0,3,0,3,1
558,1,50,1,0,0,0,3,1,3,0
559,1,38,1,0,0,0,0,0,0,0
560,1,41,0,0,0,0,1,0,1,0
561,1,28,1,8,0,1,16,0,16,1
562,0,30,1,0,0,0,0,1,0,0
563,1,23,1,0,0,0,1,0,1,0
564,1,25,0,0,0,0,2,0,2,1
565,1,40,0,0,0,0,5,0,5,0
566,1,24,1,0,0,0,8,0,8,0
567,1,27,1,0,0,0,5,1,5,1
568,1,44,0,0,0,0,11,1,11,0
569,0,35,1,0,0,0,6,0,6,1
570,1,42,0,0,0,0,0,1,0,0
571,1,38,1,0,0,0,15,0,15,0
572,1,26,1,0,0,0,4,0,4,0
573,0,25,1,0,0,0,0,1,0,0
574,1,24,0,0,0,0,1,0,1,0
575,1,64,1,0,0,0,1,0,1,0
576,0,49,0,0,0,0,2,1,2,1
577,1,50,0,0,0,0,5,0,5,1
578,1,28,0,0,0,0,8,0,8,1
579,1,66,0,0,0,0,0,1,0,1
580,0,46,0,0,0,0,0,1,0,0
581,1,30,1,0,0,1,5,0,5,1
582,0,22,0,0,0,0,0,1,0,0
583,1,23,0,0,0,0,1,1,1,0
584,1,30,1,0,0,0,0,1,0,1
585,1,24,1,1,0,0,10,0,10,1
586,1,31,1,0,0,0,0,1,0,0
587,1,31,1,0,0,0,1,0,1,0
588,1,21,1,4,0,0,4,0,4,1
589,1,28,1,0,0,0,4,0,4,0
590,1,25,1,0,0,0,0,1,0,0
591,0,21,0,0,0,0,0,0,0,0
592,1,27,1,0,0,0,0,1,0,0
593,1,20,1,0,0,0,0,1,0,1
594,1,32,1,0,0,0,1,0,1,0
595,0,24,0,0,0,1,0,0,0,0
596,1,20,1,1,0,0,1,0,1,0
597,1,31,1,0,0,0,3,1,3,1
598,1,27,1,0,0,0,3,1,3,1
599,1,59,1,0,0,0,17,0,17,1
600,1,40,1,0,0,0,0,0,0,0
601,1,22,1,0,0,0,11,0,11,1
602,0,38,1,0,0,0,1,0,1,0
603,1,36,1,0,0,0,1,1,1,1
604,1,30,1,0,0,0,1,1,1,0
605,1,27,0,0,0,0,6,0,6,1
606,1,43,1,0,0,0,1,1,1,0
607,0,59,0,0,0,0,0,1,0,0
608,1,37,0,0,0,0,2,1,2,0
609,1,28,1,0,0,0,5,1,5,1
610,1,38,0,0,0,0,0,0,0,0
611,1,22,1,0,0,1,0,0,0,1
612,1,43,1,0,0,0,1,1,1,0
613,1,25,1,0,0,0,4,0,4,1
614,1,51,0,0,0,0,0,1,0,0
615,1,30,1,0,0,0,6,0,6,1
616,1,29,0,0,0,0,2,1,2,1
617,1,28,1,0,0,0,10,0,10,0
618,1,26,1,0,0,0,6,1,6,0
619,1,55,1,0,0,0,9,1,9,1
620,0,23,0,0,0,0,3,0,3,0
621,0,22,1,0,0,0,0,1,0,0
622,0,19,0,0,0,0,2,0,2,1
623,1,31,1,0,0,0,1,1,1,0
624,1,29,1,0,0,0,0,1,0,0
625,1,61,1,0,0,0,15,0,15,1
626,1,24,1,0,0,0,4,0,4,1
627,1,31,1,0,0,0,0,1,0,0
628,1,20,1,0,1,1,4,0,4,1
629,1,26,0,0,0,0,3,0,3,1
630,1,27,0,0,0,0,5,1,5,0
631,1,25,0,0,0,0,1,0,1,0
632,1,23,0,0,2,0,3,0,3,1
633,1,38,1,0,0,0,0,0,0,0
634,1,27,1,0,2,1,18,0,18,1
635,0,35,0,0,0,0,0,0,0,1
636,1,22,1,0,0,0,0,0,0,0
637,0,58,1,0,0,0,4,0,4,1
638,0,57,0,0,0,0,0,1,0,1
639,1,21,1,0,0,1,0,0,0,0
640,0,22,1,0,0,0,0,0,0,0
641,1,30,1,0,0,0,0,0,0,0
642,1,24,0,0,0,0,1,0,1,1
643,1,22,0,0,0,0,2,0,2,1
644,1,29,0,0,0,0,3,0,3,1
645,1,30,1,0,0,0,8,0,8,1
646,0,31,1,0,0,0,10,0,10,0
647,0,45,0,0,0,0,1,0,1,0
648,1,23,1,0,0,0,4,0,4,0
649,1,39,0,0,0,0,2,0,2,1
650,1,31,1,0,0,0,0,0,0,1
651,1,22,1,0,0,0,1,0,1,1
652,0,27,1,0,0,0,9,0,9,1
653,1,27,1,0,0,0,13,0,13,1
654,1,38,0,0,0,0,1,0,1,1
655,1,31,1,0,0,0,23,0,23,1
656,1,47,1,0,0,0,20,0,20,0
657,1,22,1,0,1,0,3,0,3,0
658,1,35,1,0,0,1,1,1,1,1
659,1,23,1,0,0,0,2,1,2,1
660,1,65,1,0,0,0,2,1,2,1
661,1,35,1,0,0,0,0,1,0,0
662,0,33,1,0,0,0,0,0,0,0
663,1,53,0,0,0,0,1,1,1,0
664,1,52,1,0,0,0,0,0,0,0
665,1,21,1,0,0,0,0,0,0,0
666,1,37,1,0,0,0,11,0,11,0
667,1,30,1,0,0,0,4,1,4,1
668,1,33,0,0,0,0,5,0,5,0
669,1,31,1,0,0,0,2,1,2,0
670,1,54,1,0,0,0,0,0,0,0
671,0,31,1,0,0,0,0,1,0,0
672,0,59,0,0,0,0,2,0,2,0
673,1,27,1,0,0,0,0,1,0,0
674,1,36,1,0,0,0,0,1,0,1
675,1,46,1,0,0,0,17,0,17,1
676,1,22,1,0,0,1,3,0,3,0
677,0,28,0,0,0,0,0,1,0,0
678,0,34,0,0,0,1,15,0,15,1
679,1,29,1,0,0,0,7,0,7,1
680,1,23,1,0,0,1,2,1,2,1
681,1,27,1,0,0,0,3,0,3,0
682,1,21,1,0,0,1,0,0,0,1
683,1,48,0,0,0,0,3,0,3,1
684,1,30,1,0,0,0,15,0,15,1
685,0,32,1,0,0,0,2,0,2,0
686,1,31,1,0,0,0,5,0,5,0
687,1,36,1,0,1,0,4,1,4,0
688,1,36,1,0,0,0,1,1,1,0
689,1,44,1,0,0,0,14,0,14,1
690,1,53,0,0,0,0,2,0,2,0
691,1,33,1,0,0,0,3,1,3,1
692,1,21,1,1,0,0,2,0,2,0
693,1,33,1,0,0,0,4,0,4,1
694,1,47,0,0,0,0,2,0,2,1
695,1,57,1,0,0,0,20,0,20,1
696,1,28,1,0,0,0,2,1,2,0
697,1,24,1,0,0,0,1,1,1,0
698,1,44,1,0,0,0,1,0,1,0
699,1,46,1,0,0,0,0,0,0,0
700,1,37,1,0,0,0,6,0,6,0
701,1,26,1,0,0,0,10,1,10,1
702,1,27,1,0,1,0,10,0,10,1
703,1,40,0,0,0,0,1,0,1,0
704,0,60,0,0,0,0,9,0,9,1
705,1,53,0,0,0,0,1,0,1,0
706,1,26,1,0,1,0,8,0,8,0
707,1,28,1,0,0,0,0,0,0,0
708,1,23,1,0,0,0,0,1,0,0
709,0,46,0,0,0,0,2,0,2,0
710,1,23,1,0,0,0,0,0,0,1
711,1,37,1,0,0,0,5,0,5,1
712,1,44,1,0,0,1,1,1,1,0
713,1,50,1,0,0,0,18,0,18,1
714,1,45,1,0,0,0,0,1,0,0
715,1,22,1,0,0,0,1,0,1,0
716,1,26,0,0,0,0,1,0,1,1
717,1,62,0,0,0,0,0,0,0,0
718,1,34,0,0,0,0,0,1,0,1
719,1,24,1,0,0,0,1,0,1,0
720,1,21,0,0,0,0,0,1,0,0
721,1,25,0,0,0,0,0,0,0,1
722,1,68,0,0,0,0,0,1,0,0
723,1,41,0,0,0,0,2,1,2,0
724,1,21,0,0,0,0,1,0,1,0
725,0,37,1,0,0,0,1,0,1,0
726,1,22,1,0,0,0,0,0,0,0
727,1,38,0,0,0,0,11,0,11,1
728,1,42,0,0,0,0,1,0,1,0
729,1,22,0,0,1,1,1,0,1,1
730,1,45,1,0,0,0,0,0,0,1
731,0,36,1,0,0,0,4,0,4,1
732,1,48,1,0,0,0,2,0,2,0
733,0,45,0,0,0,0,1,0,1,0
734,1,23,1,0,0,1,6,0,6,1
735,1,24,1,0,0,0,0,0,0,0
736,1,29,1,0,0,0,0,0,0,0
737,1,24,1,0,0,0,0,0,0,0
738,1,50,1,0,0,0,11,0,11,0
739,1,34,1,0,1,0,10,0,10,1
740,1,23,1,0,0,0,0,0,0,0
741,0,22,0,0,0,0,0,1,0,0
742,1,36,1,0,0,0,0,0,0,0
743,1,30,0,0,0,0,22,0,22,1
744,1,21,1,0,0,0,0,0,0,1
745,0,53,0,0,0,0,0,0,0,0
746,1,24,0,0,0,0,1,0,1,0
747,1,25,1,0,1,1,7,1,7,1
748,0,25,1,0,0,0,1,1,1,0
749,1,71,1,0,0,0,8,0,8,0
750,1,39,1,0,4,0,10,1,10,0
751,0,37,1,0,0,0,0,0,0,0
752,1,20,1,0,0,2,0,0,0,1
753,0,29,1,0,0,0,3,0,3,0
754,1,22,1,0,0,0,2,0,2,1
755,1,26,1,0,0,0,4,0,4,1
756,1,35,1,0,0,0,5,0,5,0
757,0,47,1,0,0,0,19,0,19,1
758,1,21,1,0,0,0,1,0,1,1
759,0,23,1,0,0,0,0,1,0,0
760,0,20,0,0,0,0,1,0,1,1
761,0,23,1,0,0,0,0,0,0,0
762,1,27,1,0,0,0,3,1,3,0
763,1,55,0,0,0,0,18,0,18,1
764,0,53,1,0,0,0,0,0,0,0
765,0,23,1,0,0,0,0,0,0,0
766,1,26,1,0,0,1,5,0,5,1
767,1,25,1,0,0,0,6,0,6,0
768,1,23,1,0,0,0,2,1,2,0
769,1,27,1,0,0,0,4,0,4,1
770,1,26,1,0,0,0,2,1,2,0
771,1,29,1,0,0,0,1,1,1,0
772,1,27,1,0,0,0,1,0,1,1
773,1,28,1,0,0,0,0,0,0,0
774,1,31,1,0,0,0,0,1,0,0
775,1,41,1,0,0,0,8,0,8,1
776,1,25,0,0,0,0,0,1,0,0
777,1,47,0,0,0,0,0,1,0,0
778,1,37,1,0,0,0,4,0,4,0
779,0,35,1,0,0,0,4,0,4,0
780,1,24,0,0,0,0,1,1,1,1
781,1,21,0,0,2,1,2,0,2,1
782,1,22,0,0,0,0,0,0,0,1
783,1,57,1,0,0,0,11,0,11,0
784,1,48,0,0,0,0,0,0,0,0
785,1,36,1,0,0,0,0,0,0,0
786,0,37,1,0,0,0,3,0,3,0
787,1,31,0,0,0,0,0,1,0,0
788,1,22,1,0,1,0,1,0,1,1
789,1,31,0,0,0,0,2,1,2,0
790,1,24,1,0,0,0,0,0,0,1
791,1,32,1,0,0,1,22,0,22,1
792,0,23,1,0,0,0,0,1,0,0
793,1,63,1,0,0,0,0,1,0,0
794,1,30,1,0,0,0,0,0,0,0
795,1,26,0,0,0,0,2,0,2,1
796,1,48,0,0,0,0,2,1,2,0
797,1,20,0,0,0,2,0,0,0,0
798,0,24,1,0,0,0,1,1,1,1
799,0,36,1,0,0,0,1,1,1,0
800,1,83,1,0,0,0,0,1,0,0
801,1,28,0,0,0,0,2,0,2,0
802,1,36,1,0,0,0,3,0,3,1
803,0,33,1,0,0,0,0,1,0,0
804,1,39,1,0,0,0,0,0,0,0
805,1,29,1,0,0,0,3,1,3,0
806,1,30,1,0,0,0,17,0,17,1
807,0,19,0,1,1,0,1,1,1,1
808,1,24,1,0,0,0,1,0,1,1
809,1,36,1,0,0,0,11,0,11,0
810,0,29,0,0,0,0,1,0,1,0
811,1,35,1,0,0,0,7,0,7,0
812,1,24,1,0,0,1,0,0,0,0
813,1,26,0,0,0,0,0,1,0,0
814,1,26,0,0,0,0,8,0,8,0
815,1,52,1,0,0,0,7,1,7,0
816,1,28,1,0,0,0,14,0,14,1
817,1,32,1,0,0,0,0,1,0,0
818,0,32,0,0,0,0,1,1,1,1
819,1,33,1,0,0,0,5,1,5,1
820,1,29,1,0,1,0,16,0,16,0
821,1,34,0,0,0,0,1,1,1,1
822,0,37,1,0,0,0,0,1,0,1
823,1,43,0,0,0,0,0,1,0,0
824,1,47,0,0,0,0,2,0,2,0
825,1,25,1,0,0,0,3,1,3,1
826,0,23,1,0,0,0,1,0,1,0
827,1,39,0,0,0,0,2,1,2,0
828,1,35,1,0,0,0,13,0,13,1
829,1,33,1,0,0,0,0,0,0,0
830,1,21,1,0,0,0,0,0,0,1
831,1,43,1,1,0,0,20,0,20,0
832,1,25,1,0,1,1,3,0,3,1
833,1,48,1,1,0,0,25,0,25,1
834,1,22,1,0,0,1,1,1,1,1
835,1,52,1,1,0,0,9,1,9,1
836,1,26,0,0,0,0,5,0,5,1
837,1,67,1,0,0,0,4,1,4,1
838,1,34,1,0,0,0,4,1,4,0
839,1,56,0,0,0,0,4,1,4,0
840,1,28,1,0,0,0,1,0,1,1
841,1,29,1,0,0,0,2,1,2,0
842,0,24,1,0,0,0,0,1,0,1
843,1,37,1,0,0,0,6,0,6,1
844,1,43,1,0,0,0,3,0,3,0
845,1,51,0,0,0,0,0,0,0,0
846,1,20,1,0,0,1,1,1,1,1
847,1,26,0,0,0,0,4,1,4,1
848,0,39,0,0,0,0,1,1,1,1
849,1,21,1,0,0,1,1,0,1,0
850,1,21,1,0,1,1,1,0,1,1
851,1,24,0,0,2,0,3,0,3,1
852,1,26,1,0,1,0,4,1,4,1
853,1,48,0,0,0,0,1,0,1,0
854,1,24,1,0,1,0,5,0,5,1
855,1,26,0,0,0,0,0,0,0,0
856,1,46,0,0,0,0,0,0,0,0
857,0,30,1,0,0,0,1,1,1,0
858,1,24,1,0,1,1,7,1,7,0
859,0,21,0,0,0,0,0,1,0,0
860,1,24,1,0,0,0,1,0,1,1
861,1,30,1,0,0,0,1,0,1,0
862,1,36,1,0,0,0,9,1,9,0
863,1,30,1,0,0,0,5,0,5,1
864,0,22,0,0,0,0,1,0,1,0
865,1,25,1,0,0,0,0,0,0,1
866,1,31,1,0,3,0,25,1,25,1
867,1,24,1,0,0,0,0,0,0,0
868,1,39,1,0,0,0,13,0,13,1
869,1,46,1,0,0,0,0,0,0,0
870,1,48,1,0,0,0,5,1,5,1
871,0,30,1,0,0,0,4,0,4,0
872,1,40,0,0,0,0,0,0,0,0
873,0,52,1,0,0,0,0,0,0,0
874,1,23,1,1,0,1,3,0,3,0
875,0,26,1,0,0,0,1,1,1,0
876,1,22,0,0,1,0,1,0,1,1
877,1,42,0,0,0,0,3,0,3,0
878,1,23,1,0,3,1,6,0,6,1
879,1,33,1,0,0,0,4,0,4,1
880,1,28,1,0,0,0,1,0,1,0
881,0,37,0,0,0,0,4,1,4,0
882,1,50,0,0,0,0,1,0,1,0
883,1,38,1,0,0,1,25,1,25,1
884,1,32,1,0,0,0,1,0,1,0
885,1,24,1,0,0,0,3,0,3,1
886,1,51,1,0,0,0,3,0,3,0
887,1,19,0,0,0,0,1,1,1,1
888,1,32,1,0,0,0,4,0,4,0
889,0,31,0,0,0,0,1,0,1,1
890,0,29,1,0,0,0,1,0,1,0
891,1,43,1,0,0,0,0,1,0,0
892,1,26,1,0,0,0,9,0,9,1
893,1,27,0,0,0,0,0,0,0,1
894,1,52,0,0,0,0,1,0,1,1
895,1,27,1,0,0,0,1,1,1,0
896,0,57,1,0,0,0,1,1,1,0
897,1,28,1,0,0,0,3,1,3,1
898,1,32,1,0,0,0,3,0,3,1
899,1,27,1,0,0,0,5,1,5,1
900,1,45,1,0,0,0,0,1,0,1
901,0,42,0,0,0,0,0,1,0,0
902,1,33,1,0,0,0,0,0,0,1
903,1,26,0,0,0,0,4,1,4,0
904,0,28,0,0,0,1,3,1,3,0
905,0,53,0,0,0,0,0,1,0,0
906,1,24,0,0,0,0,0,0,0,0
907,1,28,1,0,0,0,1,0,1,0
908,1,28,1,0,0,0,1,0,1,0
909,1,39,1,0,0,1,6,1,6,1
910,1,22,1,0,0,0,1,0,1,1
911,1,46,1,0,0,0,2,0,2,1
912,1,25,1,0,0,0,0,1,0,0
913,1,52,0,0,0,0,1,0,1,0
914,1,28,1,0,0,0,4,1,4,1
915,0,57,0,0,0,0,1,0,1,1
916,1,49,1,0,0,0,3,0,3,1
917,1,21,1,0,0,0,2,0,2,1
918,1,32,1,0,0,0,19,0,19,1
919,1,63,1,0,0,0,3,1,3,0
920,1,29,0,0,0,0,2,0,2,0
921,1,46,1,0,0,0,0,1,0,0
922,1,23,1,0,0,0,5,0,5,1
923,1,28,1,0,0,0,10,1,10,1
924,1,27,1,0,0,0,1,0,1,0
925,0,69,1,0,0,0,0,1,0,0
926,1,47,1,0,0,0,0,1,0,0
927,1,45,1,0,0,0,1,0,1,0
928,0,33,0,0,0,0,1,1,1,0
929,0,27,1,0,0,0,0,1,0,1
930,1,47,0,0,0,0,4,0,4,1
931,1,32,1,0,0,0,14,0,14,1
932,1,24,1,0,0,0,2,0,2,0
933,1,26,1,0,0,0,5,0,5,1
934,1,47,1,0,0,0,0,1,0,0
935,1,25,0,0,0,0,1,0,1,0
936,1,21,1,0,0,0,1,0,1,0
937,1,25,1,0,0,0,2,1,2,1
938,1,22,1,1,1,0,6,0,6,1
939,0,26,0,0,0,0,0,0,0,0
940,1,20,0,0,0,0,0,0,0,0
941,1,30,1,0,0,0,1,1,1,1
942,1,45,1,0,0,0,0,0,0,1
943,1,33,1,0,0,0,7,0,7,1
944,1,35,0,0,0,0,2,0,2,0
945,1,41,0,0,0,0,5,0,5,0
946,1,23,0,0,0,0,0,1,0,0
947,0,21,0,0,1,0,0,1,0,1
948,1,54,1,0,0,0,0,0,0,0
949,1,27,1,0,0,0,10,0,10,1
950,1,22,0,0,0,0,0,1,0,0
951,0,21,1,0,0,0,0,1,0,1
952,1,23,1,0,0,0,2,0,2,1
953,1,30,1,0,0,0,1,1,1,0
954,1,36,1,0,0,0,5,1,5,1
955,0,24,1,0,0,0,2,0,2,1
956,1,29,1,0,0,1,10,0,10,1
957,1,54,1,0,0,0,4,1,4,1
958,1,22,0,0,0,0,2,1,2,1
959,1,38,0,0,0,0,2,0,2,0
960,1,26,1,0,0,0,0,1,0,1
961,0,20,1,0,0,0,0,0,0,0
962,1,56,1,0,0,0,0,1,0,0
963,1,52,1,0,0,0,6,1,6,1
964,1,29,1,0,0,0,0,0,0,0
965,0,23,1,0,0,0,6,1,6,0
966,1,35,1,0,0,0,1,1,1,0
967,1,32,0,0,0,0,8,0,8,1
968,1,21,1,0,0,0,1,1,1,1
969,1,25,1,0,0,0,0,0,0,0
970,1,32,1,0,1,0,5,1,5,1
971,1,30,1,0,0,0,4,1,4,1
972,0,30,1,0,0,0,3,0,3,0
973,1,23,1,0,0,0,2,0,2,1
974,1,32,0,1,0,0,8,0,8,0
975,1,52,0,0,0,0,1,0,1,0
976,1,29,1,0,0,0,6,0,6,1
977,1,42,0,0,0,0,0,1,0,0
978,1,21,1,0,0,1,0,0,0,1
979,0,36,0,0,0,0,4,0,4,1
980,0,22,1,0,0,0,0,1,0,0
981,1,45,1,0,0,0,2,0,2,0
982,1,29,1,0,0,0,0,1,0,0
983,1,54,1,0,0,0,2,1,2,0
984,1,30,1,0,0,0,6,0,6,1
985,1,51,1,0,0,0,17,1,17,0
986,1,45,1,0,0,0,20,0,20,1
987,1,27,1,0,0,0,3,0,3,1
988,1,24,1,0,0,0,1,0,1,1
989,1,24,0,0,0,0,2,0,2,0
990,1,23,1,0,0,0,2,1,2,0
991,0,42,1,0,0,0,2,1,2,0
992,1,36,1,0,0,0,5,0,5,0
993,0,38,1,0,1,0,8,1,8,1
994,1,69,1,0,0,0,0,1,0,0
995,1,21,1,0,0,1,1,0,1,1
996,1,59,1,0,0,0,1,1,1,0
997,1,39,1,0,0,0,1,0,1,0
998,1,29,1,0,0,0,2,0,2,0
999,1,22,1,0,0,0,1,1,1,1
1000,1,28,1,0,0,0,1,0,1,0
1001,1,44,0,0,0,0,6,0,6,0
1002,1,25,1,0,0,0,2,0,2,0
1003,1,31,1,0,0,0,0,0,0,0
1004,1,35,1,0,1,0,17,1,17,1
1005,1,27,1,0,0,0,11,1,11,1
1006,1,33,1,0,0,0,1,0,1,0
1007,1,28,1,0,0,0,6,0,6,1
1008,1,20,1,1,0,1,1,0,1,1
1009,1,60,0,0,0,0,1,0,1,0
1010,1,53,1,0,0,0,0,1,0,0
1011,1,51,1,0,0,0,0,0,0,1
1012,1,25,1,0,0,0,1,0,1,0
1013,1,27,1,2,1,0,5,0,5,1
1014,0,54,1,0,0,0,0,0,0,0
1015,0,26,1,0,0,1,3,1,3,0
1016,1,24,0,1,2,0,3,1,3,0
1017,1,55,1,0,0,0,1,0,1,1
1018,1,26,1,0,0,0,0,0,0,0
1019,0,75,1,0,0,0,5,0,5,0
1020,1,36,1,0,0,0,16,0,16,1
1021,1,56,1,0,0,0,8,0,8,0
1022,1,34,1,0,0,0,0,0,0,1
1023,0,25,1,0,0,0,5,1,5,1
1024,1,46,0,0,0,0,0,0,0,0
1025,1,27,1,0,0,0,1,0,1,0
1026,1,24,1,0,0,0,1,1,1,0
1027,1,28,1,0,0,0,3,1,3,1
1028,1,42,1,1,0,1,13,1,13,1
1029,1,59,1,0,0,0,2,1,2,0
1030,1,39,0,0,0,0,1,0,1,0
1031,1,46,0,0,0,0,5,1,5,0
1032,1,25,1,0,0,0,1,0,1,0
1033,1,55,0,0,0,0,2,0,2,0
1034,1,35,1,0,0,0,1,1,1,1
1035,1,43,1,0,0,0,0,1,0,1
1036,0,53,0,0,0,0,0,1,0,0
1037,0,21,1,0,0,0,0,1,0,0
1038,1,55,1,0,0,0,17,0,17,1
1039,1,27,1,0,0,0,1,0,1,1
1040,1,40,1,0,0,0,0,0,0,0
1041,0,37,0,0,0,0,0,1,0,0
1042,1,32,0,0,0,0,2,1,2,1
1043,1,32,1,0,0,0,2,1,2,0
1044,1,36,1,0,0,0,4,1,4,1
1045,1,22,1,0,0,0,0,1,0,0
1046,0,31,1,0,0,0,0,0,0,0
1047,0,26,1,0,0,0,4,0,4,1
1048,0,50,0,0,0,0,30,1,30,1
1049,1,47,1,0,0,0,4,0,4,0
1050,1,36,1,0,0,0,2,0,2,0
1051,0,38,0,0,0,0,0,0,0,0
1052,1,35,1,0,0,0,0,0,0,0
1053,1,53,0,0,0,0,0,0,0,0
1054,1,53,1,0,0,0,2,0,2,0
1055,1,57,1,0,0,0,19,0,19,0
1056,1,22,1,0,0,0,5,0,5,1
1057,1,21,1,0,0,0,0,0,0,1
1058,1,26,1,0,0,0,0,0,0,1
1059,0,24,1,0,0,0,1,0,1,0
1060,1,27,1,0,0,0,2,0,2,0
1061,0,49,0,0,0,0,4,0,4,0
1062,1,47,0,0,0,0,1,0,1,1
1063,1,30,1,0,0,0,8,0,8,1
1064,1,44,0,0,0,0,3,0,3,0
1065,1,34,1,0,0,0,1,0,1,0
1066,1,45,1,0,0,0,10,0,10,1
1067,1,38,1,0,0,0,0,0,0,0
1068,1,50,0,0,0,0,2,1,2,0
1069,1,29,0,0,0,0,1,1,1,0
1070,1,26,0,0,0,0,0,0,0,0
1071,1,44,1,0,0,0,2,1,2,0
1072,0,22,1,0,0,0,1,0,1,1
1073,1,47,1,0,0,0,0,1,0,0
1074,1,49,0,0,0,0,0,0,0,0
1075,1,49,1,0,0,0,1,0,1,1
1076,1,59,0,0,0,0,2,0,2,0
1077,1,32,0,0,0,0,6,1,6,0
1078,1,24,1,0,0,2,1,1,1,1
1079,1,40,1,0,0,0,0,1,0,0
1080,1,32,1,0,0,0,0,0,0,0
1081,0,54,1,0,0,0,0,1,0,0
1082,1,27,1,0,0,1,9,0,9,1
1083,0,40,1,0,0,0,1,1,1,0
1084,1,25,0,0,0,0,2,1,2,0
1085,1,34,1,0,0,0,1,1,1,0
1086,0,62,0,0,0,0,2,0,2,1
1087,1,20,0,0,0,0,0,1,0,1
1088,1,37,1,2,0,0,18,1,18,0
1089,0,30,0,0,0,0,5,0,5,1
1090,1,23,1,0,0,0,1,0,1,1
1091,0,20,1,0,0,0,0,0,0,0
1092,1,29,0,0,0,0,7,1,7,1
1093,1,24,1,0,0,0,1,0,1,0
1094,0,54,0,0,0,0,1,1,1,0
1095,1,66,1,0,0,0,3,0,3,0
1096,1,50,0,0,0,0,8,0,8,0
1097,1,50,1,0,0,0,7,0,7,0
1098,1,40,0,0,0,0,3,0,3,0
1099,0,30,1,0,0,0,4,1,4,1
1100,0,24,0,0,0,0,2,0,2,0
1101,1,24,1,0,0,0,0,0,0,1
1102,0,23,1,0,0,0,3,0,3,1
1103,1,24,1,0,0,0,4,1,4,1
1104,1,54,0,0,0,0,3,1,3,1
1105,1,25,0,0,0,2,4,1,4,0
1106,1,46,0,0,0,0,1,1,1,0
1107,0,35,1,0,0,0,10,0,10,0
1108,1,25,1,0,0,0,1,0,1,0
1109,0,22,0,0,0,0,0,1,0,0
1110,0,32,0,0,0,0,1,0,1,0
1111,1,25,1,0,0,0,0,1,0,1
1112,1,22,1,0,0,0,3,0,3,1
1113,1,33,1,0,0,0,16,0,16,1
1114,0,49,0,0,0,0,0,1,0,1
1115,1,30,1,0,0,0,10,0,10,0
1116,1,33,1,0,0,0,4,1,4,1
1117,1,24,1,0,0,0,0,0,0,0
1118,1,33,1,0,0,1,12,1,12,1
1119,1,37,0,0,0,0,0,1,0,0
1120,0,40,0,0,0,0,0,1,0,0
1121,1,27,0,0,0,0,1,0,1,0
1122,1,43,1,0,0,0,9,0,9,1
1123,1,26,0,0,0,0,11,0,11,0
1124,1,35,1,0,0,0,5,0,5,1
1125,1,25,1,0,1,0,11,0,11,1
1126,1,61,1,0,0,0,1,0,1,1
1127,1,53,0,0,0,0,1,0,1,1
1128,0,27,1,0,0,0,0,0,0,0
1129,0,52,1,0,0,0,1,0,1,0
1130,1,26,0,0,0,0,7,1,7,1
1131,1,39,1,0,0,0,1,1,1,1
1132,1,47,1,0,0,0,5,0,5,0
1133,1,50,0,0,0,0,1,0,1,0
1134,0,52,0,0,0,0,6,1,6,0
1135,0,41,0,0,0,0,0,1,0,0
1136,1,37,0,0,0,0,0,1,0,0
1137,0,24,1,0,0,0,0,0,0,0
1138,0,34,1,0,0,0,14,0,14,0
1139,1,24,1,0,0,0,5,0,5,1
1140,1,20,1,0,0,0,0,1,0,1
1141,1,25,0,0,0,0,1,1,1,1
1142,1,31,0,0,0,0,3,1,3,0
1143,0,62,0,0,0,0,0,1,0,0
1144,1,23,0,0,0,0,0,0,0,1
1145,0,60,0,0,0,0,0,0,0,0
1146,1,35,0,0,0,0,0,1,0,0
1147,0,24,1,0,0,0,0,0,0,0
1148,0,56,0,0,0,0,1,0,1,1
1149,1,30,0,0,0,0,0,1,0,0
1150,1,41,0,0,0,0,17,1,17,1
1151,1,35,0,0,0,0,4,0,4,1
1152,0,28,0,0,0,0,0,1,0,0
1153,1,23,1,0,1,0,1,1,1,0
1154,1,56,1,0,0,0,0,0,0,0
1155,1,23,1,0,0,0,2,0,2,1
1156,1,20,1,0,0,0,0,0,0,1
1157,1,37,1,0,1,0,4,0,4,0
1158,1,23,0,0,1,0,1,1,1,0
1159,1,21,1,0,0,0,0,0,0,1
1160,0,21,1,1,2,2,3,0,3,0
1161,0,35,1,0,0,0,2,0,2,0
1162,1,33,0,0,0,0,3,1,3,0
1163,1,21,1,0,0,0,0,0,0,0
1164,1,41,1,2,1,0,9,1,9,0
1165,1,24,1,0,0,0,0,0,0,0
1166,1,20,1,0,0,0,2,0,2,1
1167,1,28,1,0,0,0,9,0,9,1
1168,1,25,1,0,0,0,7,0,7,0
1169,1,49,1,0,0,0,3,0,3,0
1170,0,22,1,0,0,0,0,0,0,0
1171,1,21,1,0,0,0,0,0,0,1
1172,0,27,1,0,0,0,3,0,3,1
1173,1,32,1,0,0,0,4,0,4,1
1174,1,50,1,0,0,0,4,1,4,0
1175,0,23,1,0,0,0,0,1,0,0
1176,1,34,0,0,0,0,0,1,0,0
1177,1,35,1,0,0,0,1,1,1,0
1178,1,25,1,0,0,1,4,0,4,1
1179,0,33,0,0,0,0,2,0,2,1
1180,1,25,1,0,0,0,1,1,1,1
1181,1,30,1,0,0,0,0,1,0,0
1182,1,42,1,0,0,0,0,1,0,0
1183,0,29,0,0,0,0,11,0,11,1
1184,0,32,1,0,0,0,6,0,6,1
1185,1,24,1,0,0,0,5,0,5,0
1186,1,52,1,0,0,0,3,0,3,0
1187,0,26,0,0,0,0,3,1,3,0
1188,1,31,0,0,0,0,2,0,2,1
1189,1,38,1,0,0,0,0,0,0,0
1190,1,47,0,0,0,0,2,1,2,0
1191,1,25,1,0,0,0,5,0,5,0
1192,0,30,0,0,0,0,0,0,0,0
1193,1,20,1,0,0,0,0,1,0,1
1194,0,29,1,0,0,0,2,0,2,0
1195,1,24,1,0,0,0,0,0,0,0
1196,1,31,0,0,0,0,0,0,0,0
1197,0,54,0,0,0,0,12,0,12,0
1198,0,37,0,0,0,0,1,1,1,0
1199,1,43,1,0,0,0,0,1,0,1
1200,1,49,0,0,0,0,8,0,8,1
1201,0,33,1,0,0,0,1,0,1,0
1202,1,20,1,0,0,0,1,0,1,0
1203,1,42,1,0,0,0,0,1,0,0
1204,1,44,0,0,0,0,0,0,0,1
1205,1,28,1,0,0,0,5,0,5,1
1206,1,32,1,0,0,0,4,0,4,1
1207,1,28,1,0,0,0,7,0,7,1
1208,1,38,0,0,0,0,0,0,0,0
1209,1,38,1,0,0,0,3,0,3,0
1210,1,21,0,0,0,0,1,0,1,0
1211,0,34,1,0,0,0,0,1,0,0
1212,1,21,0,0,0,0,1,0,1,1
1213,1,36,1,0,0,0,1,0,1,1
1214,1,29,1,0,0,0,0,1,0,1
1215,1,34,1,0,0,1,3,0,3,1
1216,1,38,1,0,0,0,1,1,1,0
1217,1,36,0,0,0,0,0,0,0,0
1218,1,32,1,0,0,0,0,1,0,0
1219,1,23,1,0,0,0,0,1,0,0
1220,1,47,0,0,0,0,0,1,0,0
1221,1,20,1,0,0,0,0,0,0,0
1222,0,25,1,0,0,0,2,0,2,1
1223,1,35,1,0,0,0,0,1,0,0
1224,0,30,0,0,0,0,1,0,1,0
1225,0,28,0,0,0,0,1,1,1,0
1226,1,30,0,0,0,0,2,1,2,1
1227,0,45,0,0,0,0,3,1,3,0
1228,1,24,1,0,0,0,2,1,2,1
1229,1,22,1,0,0,0,0,0,0,0
1230,1,20,1,0,8,1,8,0,8,1
1231,0,42,1,0,0,0,0,1,0,1
1232,1,24,1,1,1,0,8,0,8,1
1233,1,40,1,0,0,0,0,1,0,0
1234,1,27,1,0,0,0,1,0,1,0
1235,1,60,1,0,0,0,12,0,12,0
1236,1,33,1,0,0,0,6,1,6,0
1237,1,34,1,0,0,0,2,1,2,1
1238,1,24,0,0,0,0,4,1,4,0
1239,1,27,1,0,0,0,0,1,0,1
1240,1,29,1,1,1,1,4,0,4,1
1241,1,21,0,1,0,1,1,0,1,1
1242,1,32,1,0,0,0,0,1,0,0
1243,1,30,0,0,0,0,10,0,10,1
1244,0,42,0,0,0,0,0,0,0,1
1245,1,32,1,0,0,0,1,0,1,0
1246,1,27,1,0,0,0,0,0,0,0
1247,1,30,0,0,0,0,3,1,3,0
1248,1,22,1,0,0,0,1,0,1,1
1249,1,20,0,0,0,0,0,1,0,1
1250,1,57,0,0,0,0,0,1,0,0
1251,1,51,0,0,0,0,3,0,3,1
1252,1,21,1,0,0,0,0,0,0,0
1253,1,22,1,0,0,0,0,0,0,0
1254,1,35,1,0,0,0,4,0,4,1
1255,0,54,0,0,0,0,1,0,1,0
1256,1,58,0,0,0,0,2,0,2,0
1257,0,32,0,0,0,0,0,0,0,1
1258,0,39,1,0,0,0,22,0,22,1
1259,1,30,0,0,0,0,9,1,9,1
1260,1,20,1,0,0,0,0,0,0,1
1261,1,40,1,0,0,0,0,1,0,0
1262,0,45,0,0,0,0,5,1,5,0
1263,1,31,1,0,0,0,4,0,4,1
1264,1,23,1,0,0,0,4,0,4,0
1265,1,26,1,0,0,0,0,1,0,1
1266,0,53,0,0,0,0,1,1,1,0
1267,1,44,0,0,0,0,0,1,0,0
1268,0,44,0,0,0,0,1,1,1,0
1269,1,21,0,0,0,0,0,0,0,1
1270,1,28,1,0,0,0,0,1,0,0
1271,1,28,0,0,0,0,2,1,2,0
1272,1,24,1,0,0,0,0,0,0,1
1273,1,28,1,0,0,0,0,0,0,0
1274,1,53,0,0,0,0,4,0,4,0
1275,1,47,1,0,0,0,1,0,1,0
1276,1,20,1,0,0,0,1,0,1,0
1277,1,21,1,0,0,0,0,1,0,0
1278,1,30,1,0,0,0,1,0,1,1
1279,1,37,0,0,0,0,1,1,1,1
1280,1,60,1,0,0,0,1,0,1,0
1281,1,26,1,0,0,0,1,1,1,1
1282,1,30,0,0,0,0,0,1,0,0
1283,1,26,0,0,0,0,2,0,2,1
1284,0,26,1,0,0,0,5,0,5,1
1285,1,21,1,0,0,0,0,0,0,0
1286,0,39,1,0,0,0,1,0,1,0
1287,1,30,1,0,0,0,0,0,0,0
1288,1,44,1,0,0,0,2,0,2,0
1289,1,45,0,0,0,0,0,1,0,0
1290,1,30,1,0,0,0,1,0,1,0
1291,1,38,1,0,0,0,2,0,2,0
1292,1,23,0,0,0,0,6,0,6,1
1293,1,37,1,0,0,0,1,0,1,0
1294,1,46,1,0,0,0,0,1,0,0
1295,1,42,1,0,0,0,0,0,0,0
1296,0,20,1,0,0,0,0,0,0,1
1297,1,65,0,0,0,0,2,1,2,0
1298,1,54,0,0,0,0,4,1,4,0
1299,1,47,1,0,0,0,7,0,7,1
1300,1,39,1,0,0,0,5,0,5,1
1301,1,26,0,0,0,0,0,0,0,1
1302,1,29,0,0,0,0,7,1,7,1
1303,1,51,0,0,0,0,7,0,7,1
1304,1,44,1,0,0,0,0,1,0,0
1305,1,49,0,0,0,0,12,1,12,0
1306,1,22,1,0,0,0,0,0,0,1
1307,1,32,1,0,0,0,4,1,4,1
1308,1,27,1,0,0,0,0,1,0,0
1309,1,30,0,0,0,0,0,1,0,0
1310,1,22,1,0,3,1,6,0,6,1
1311,1,20,1,2,0,0,2,0,2,1
1312,1,28,1,0,0,0,11,1,11,0
1313,1,45,1,0,0,0,0,1,0,0
1314,0,51,0,0,0,0,5,0,5,0
1315,1,27,1,0,0,0,4,0,4,1
1316,1,32,1,0,0,0,0,0,0,1
1317,1,43,1,0,0,0,2,0,2,0
1318,0,63,1,0,0,0,1,0,1,0
1319,1,37,0,0,0,0,2,0,2,0
1320,1,26,1,0,0,0,0,0,0,1
1321,1,32,1,1,2,0,17,0,17,1
1322,1,26,1,0,0,0,0,1,0,0
1323,1,32,1,0,0,0,4,0,4,0
1324,1,39,1,0,0,0,3,0,3,0
1325,0,58,1,0,0,0,4,0,4,0
1326,1,33,1,0,0,0,0,1,0,0
1327,0,22,0,0,0,1,1,1,1,0
1328,1,26,1,0,0,0,6,1,6,1
1329,1,21,1,2,0,1,2,0,2,1
1330,0,29,1,0,0,0,1,0,1,1
1331,1,31,0,0,0,0,0,0,0,1
1332,1,43,0,0,0,0,2,0,2,0
1333,1,23,1,0,0,0,0,1,0,0
1334,1,25,0,0,0,0,0,0,0,0
1335,1,22,1,0,0,0,6,0,6,0
1336,1,30,1,0,0,0,6,0,6,0
1337,1,25,1,0,3,1,15,0,15,1
1338,1,20,1,0,0,1,0,0,0,1
1339,1,39,1,0,0,0,0,0,0,0
1340,1,31,1,0,0,0,3,0,3,1
1341,1,33,1,0,0,0,1,0,1,1
1342,1,59,1,0,0,0,1,0,1,0
1343,1,21,1,0,0,2,1,0,1,0
1344,1,53,1,0,0,0,8,0,8,1
1345,1,34,0,0,0,0,2,1,2,0
1346,1,36,0,0,0,0,6,0,6,0
1347,1,23,1,0,0,0,0,0,0,0
1348,1,32,1,0,0,0,2,1,2,0
1349,1,32,1,0,0,0,11,1,11,1
1350,0,66,0,0,0,0,1,1,1,0
1351,1,66,1,0,0,0,0,1,0,0
1352,0,24,0,0,0,0,0,1,0,0
1353,1,30,1,0,0,0,7,0,7,1
1354,1,28,1,0,0,0,1,1,1,0
1355,1,43,0,0,0,0,4,0,4,1
1356,1,35,1,0,0,0,3,1,3,0
1357,1,19,1,3,0,0,2,0,2,1
1358,1,33,0,0,0,0,0,0,0,1
1359,1,22,1,0,0,0,1,1,1,1
1360,1,29,1,0,0,0,0,0,0,0
1361,0,23,1,0,0,0,0,1,0,0
1362,1,62,1,0,0,0,15,0,15,0
1363,0,33,0,0,0,0,0,1,0,0
1364,1,35,1,0,0,0,1,1,1,0
1365,1,53,0,0,0,0,0,0,0,0
1366,1,59,0,0,0,0,17,0,17,1
1367,0,48,0,0,0,0,0,1,0,0
1368,0,33,1,0,0,0,1,0,1,0
1369,1,44,0,0,0,0,0,1,0,0
1370,1,31,0,0,0,0,10,0,10,1
1371,1,28,1,0,0,1,2,0,2,1
1372,1,56,1,0,0,0,9,0,9,0
1373,1,51,1,0,0,0,1,0,1,0
1374,1,23,1,0,0,0,0,0,0,1
1375,1,21,1,0,0,0,0,0,0,0
1376,1,26,0,0,0,0,0,0,0,0
1377,1,22,1,0,3,0,3,0,3,0
1378,1,29,1,0,0,0,0,1,0,0
1379,1,20,1,0,1,1,2,0,2,1
1380,1,44,0,0,0,0,0,1,0,0
1381,1,41,1,0,0,0,2,0,2,0
1382,0,28,1,0,0,1,4,0,4,0
1383,1,27,0,0,0,0,1,1,1,1
1384,1,31,0,0,0,0,7,1,7,0
1385,1,23,0,0,0,0,5,0,5,1
1386,1,33,1,0,0,0,16,1,16,1
1387,1,26,1,0,0,0,3,0,3,1
1388,1,20,1,0,0,2,0,0,0,0
1389,1,55,0,0,0,0,2,1,2,1
1390,1,36,1,0,0,0,0,0,0,0
1391,1,48,1,0,0,0,4,0,4,1
1392,1,22,1,0,0,0,5,0,5,1
1393,1,23,1,1,0,0,1,1,1,0
1394,1,34,1,0,2,1,19,0,19,1
1395,0,59,0,0,0,0,1,0,1,0
1396,1,37,0,0,0,0,0,0,0,1
1397,0,28,0,0,0,0,0,0,0,1
1398,1,20,1,1,0,1,1,0,1,1
1399,1,31,1,0,0,0,0,0,0,0
1400,0,38,1,0,0,0,14,0,14,1
1401,1,33,1,0,0,0,0,0,0,1
1402,1,27,1,0,0,0,3,0,3,1
1403,1,25,0,0,0,0,2,1,2,1
1404,0,42,1,0,0,0,2,0,2,0
1405,1,22,1,0,0,0,3,0,3,1
1406,1,21,1,0,0,0,0,0,0,0
1407,1,57,0,0,0,0,15,0,15,0
1408,1,45,0,0,0,0,1,0,1,1
1409,0,21,1,0,0,0,1,1,1,1
1410,1,52,0,0,0,0,2,1,2,0
1411,1,29,0,0,0,0,0,1,0,0
1412,0,37,1,0,0,0,0,1,0,0
1413,1,34,0,0,0,1,0,0,0,0
1414,1,53,1,0,0,0,0,1,0,1
1415,0,30,1,0,0,0,8,0,8,1
1416,1,35,1,0,0,0,0,1,0,0
1417,1,28,0,0,0,0,1,0,1,0
1418,1,21,1,0,0,0,1,0,1,0
1419,1,22,1,0,0,0,1,0,1,0
1420,1,42,0,0,0,0,1,1,1,1
1421,1,26,1,0,0,0,3,0,3,1
1422,1,54,1,0,0,0,9,1,9,0
1423,1,39,1,0,0,0,1,0,1,1
1424,1,30,1,2,0,0,20,0,20,1
1425,0,26,1,0,0,0,1,0,1,1
1426,1,41,1,0,0,0,0,1,0,0
1427,1,23,0,1,0,1,5,1,5,1
1428,1,43,0,0,0,0,1,0,1,1
1429,1,22,1,0,0,0,0,1,0,1
1430,1,42,1,0,0,0,3,1,3,0
1431,0,27,0,0,0,0,6,0,6,1
1432,0,42,1,0,0,0,2,1,2,0
1433,1,25,1,0,0,0,8,0,8,1
1434,1,49,1,0,0,0,4,1,4,0
1435,1,26,1,1,0,0,7,0,7,1
1436,1,52,0,0,0,0,1,0,1,0
1437,0,60,0,0,0,0,2,0,2,0
1438,0,23,1,0,0,0,0,1,0,0
1439,1,30,1,0,0,0,2,1,2,0
1440,1,48,1,0,0,0,9,0,9,1
1441,1,32,1,0,0,0,2,0,2,1
